0.000000000000000000e+00,0.000000000000000000e+00,2.200000000000000011e-01,7.594142929580827150e-03,-1.757159845417022581e-01,-1.355544317572399127e-03,-9.844106786648083585e-01,-7.394886442067334642e-02,-1.728897302519823431e-01,2.547105057390130489e-01,-4.535687741087776059e-01,3.618420164252935667e-01,-6.753780295866852745e-02,-3.752409905040818283e-01,-1.712000151755736221e-01,-1.237334759951567303e-01,5.699999999999999512e-01,2.829177748233819290e-01,-2.060285751596356296e-01,-7.874039496747956002e-02
3.590992039871196417e-02,-3.162274510839087934e-19,2.200000000000000011e-01,1.744235886713008110e-02,1.642894252387849530e-01,-2.905535556089258731e-03,9.862536726091275519e-01,-3.623948541152730018e-02,-2.402546938413970823e-01,1.456004394837596416e-01,-4.851958099252978718e-01,2.881428864381344046e-01,-2.834400148648377193e-01,-2.616119404498411516e-01,-1.836888535200575101e-01,-9.762424313835231515e-02,5.699999999999999512e-01,2.572554111806522603e-01,-5.015270344908082795e-02,3.900834928475482161e-02
7.108553146273834111e-02,-3.836583170820633831e-19,2.200000000000000011e-01,3.123195087844482520e-02,1.475861476675594530e-01,-4.662816024244856306e-03,9.885449673169652840e-01,3.107413015503684550e-03,-2.870400149255560307e-01,3.743741158258837021e-02,-5.053874294413955859e-01,2.343328389265300626e-01,-5.151705510661636067e-01,-1.046868758833090773e-01,-2.502018577323987802e-01,-3.629905411841725937e-02,5.699999999999999512e-01,2.395575536040673859e-01,4.547005312866112155e-03,2.898517493147788615e-01
1.066848941788117594e-01,4.945507974691362027e-20,2.200000000000000011e-01,4.044420939579795871e-02,1.341476100459038645e-01,-5.479629885272632728e-03,9.901205271590127754e-01,-7.159137330435294024e-03,-3.268835532571451874e-01,-3.386770583679982183e-02,-5.264400405595489607e-01,1.876498324028222364e-01,-7.128249810411323439e-01,6.876689759884861697e-02,-3.398177633028088285e-01,3.571158569048680370e-02,5.699999999999999512e-01,2.301607103502943119e-01,-6.342050214914962680e-02,5.699999999999999512e-01
1.417004174536839467e-01,4.796675971590797509e-19,2.200000000000000011e-01,4.383147653016361556e-02,1.166067046257311529e-01,-5.151238486337708644e-03,9.921971290240514385e-01,-2.039012969541783432e-02,-3.560530574206334786e-01,-1.151399487254546744e-01,-5.223506633227058549e-01,1.508783134126488734e-01,-9.036719131816245421e-01,2.768245146425272196e-01,-4.352479398525168630e-01,2.009556203033483479e-01,4.860383305688729116e-01,2.300456625144185474e-01,-6.144728812792067674e-02,5.699999999999999512e-01
1.759186075030055585e-01,8.228141164882181853e-19,2.200000000000000011e-01,4.350128175524797802e-02,9.502916856986902416e-02,-4.156690644542465618e-03,9.945148654140146816e-01,-2.570380969312217878e-02,-3.792001763182027418e-01,-2.289561061688632493e-01,-4.719535856507318661e-01,1.344469264891536009e-01,-1.100887665388253112e+00,5.333694353499850438e-01,-5.408960664874400415e-01,3.701571169831638919e-01,5.023871042078571075e-02,2.356305899755293531e-01,-2.088610701394918306e-02,5.699999999999999512e-01
2.099030849863299797e-01,9.593906835302162833e-19,2.200000000000000011e-01,4.320080756471145200e-02,7.220474029110177105e-02,-3.130419592915496818e-03,9.964488778549673853e-01,-3.049743655547260818e-02,-4.116442019868954971e-01,-3.700354461759675639e-01,-3.798490757962477704e-01,1.291292323809535847e-01,-1.203487308724281668e+00,5.699999999999999512e-01,-5.699999999999999512e-01,4.251603264508205249e-01,-2.360382919202259899e-01,2.704234207717322591e-01,5.334899934415682915e-02,5.699999999999999512e-01
2.435278311619077929e-01,3.952357437313843207e-19,2.200000000000000011e-01,3.993647283383889440e-02,4.536171573322142492e-02,-1.814907526926978982e-03,9.981703757345231631e-01,-7.003330658316951618e-03,-4.510879340805051263e-01,-5.671872302237511709e-01,-2.192940155745085051e-01,1.473859332961788560e-01,-1.222115974996707211e+00,5.699999999999999512e-01,-5.699999999999999512e-01,4.346932489694556589e-01,-4.755095594919082624e-01,3.346632520925807985e-01,1.898048362471883854e-01,5.699999999999999512e-01
2.774625595544466528e-01,-5.924708996088597086e-19,2.200000000000000011e-01,3.136827967301508702e-02,1.600172053079028725e-02,-5.022580108480527092e-04,9.993796694486538623e-01,3.324045037236675326e-02,-4.824949734996977768e-01,-7.954929965339536668e-01,1.009153340522407280e-02,1.914673369811598080e-01,-1.162050603520357717e+00,5.699999999999999512e-01,-5.699999999999999512e-01,3.564780260691647884e-01,-6.237432099729749435e-01,4.229643707170325784e-01,4.195720172671926207e-01,4.694925067936407959e-01
3.110835649420676252e-01,-2.019159905271916850e-18,2.200000000000000011e-01,1.520335344132045692e-02,-1.851356356108085910e-02,2.815490626920381088e-04,9.997129721767811228e-01,1.077914665817948786e-01,-5.060641441276110264e-01,-1.080692041098473277e+00,3.515935278830046862e-01,2.601343430415588576e-01,-1.056311216527977104e+00,5.699999999999999512e-01,-5.699999999999999512e-01,2.415259378877530339e-01,-7.033010993227190033e-01,5.316328731114314810e-01,6.671867771052956142e-01,2.804206276169391582e-02
3.435831820503540412e-01,-3.921001290615128419e-18,2.200000000000000011e-01,4.406084525935272111e-03,6.082489278191102744e-02,2.684993791520866313e-04,-9.981386911373102411e-01,2.067363801827105108e-01,-5.205948065619793175e-01,-1.358061142230198248e+00,5.699999999999999512e-01,3.604171847804482631e-01,-7.754436573123671961e-01,4.282580035595874302e-01,-5.699999999999999512e-01,8.408907898949777304e-02,-6.835358253113178462e-01,5.699999999999999512e-01,8.347765894760297289e-01,-3.135877800059074794e-01
3.775889041177651895e-01,-6.042167430833062342e-18,2.200000000000000011e-01,2.919638423942749750e-02,1.057165030367118730e-01,3.105287035800256834e-03,-9.939627504717960527e-01,3.073073610825537427e-01,-4.903739260300420399e-01,-1.455837872013087786e+00,5.699999999999999512e-01,4.740867789454463743e-01,-4.188012600886151793e-01,6.046715956792563657e-02,-5.699999999999999512e-01,-6.466452316156788560e-02,-5.934136988198002172e-01,5.699999999999999512e-01,8.769704326090516089e-01,-5.311022804220001392e-01
4.103755426681732210e-01,-7.791456947770955348e-18,2.200000000000000011e-01,5.776970209706971948e-02,1.436746736770851129e-01,8.401689717429480786e-03,-9.879016455464031399e-01,3.927628707361077720e-01,-4.031614825465758556e-01,-1.412145545160293780e+00,5.699999999999999512e-01,5.626101117240061011e-01,-1.717440339826374895e-01,-1.059755045303525101e-01,-5.363215497753038852e-01,-2.281761921135579407e-01,-4.378947473319595995e-01,5.699999999999999512e-01,7.827822346989844471e-01,-6.675273976252906749e-01
4.418227809648794802e-01,-9.008643810642406146e-18,2.200000000000000011e-01,7.954788094350494221e-02,1.706696819165956502e-01,1.382505944251937943e-02,-9.820146954314363796e-01,4.751477478156047041e-01,-3.505234314729701040e-01,-1.305333277137804338e+00,5.699999999999999512e-01,5.699999999999999512e-01,2.715196427562845821e-02,-1.782441637964647663e-01,-4.117867954847761469e-01,-3.894616915710948923e-01,-2.286250061941383360e-01,5.699999999999999512e-01,5.440028634314637568e-01,-6.887927506584254900e-01
4.739592680362034183e-01,-1.000275130832902856e-17,2.200000000000000011e-01,9.899618845124841249e-02,1.875388477346790206e-01,1.900131074264194142e-02,-9.770710749236902748e-01,5.626537991309192854e-01,-2.957623950044839800e-01,-1.003603278496444373e+00,4.599600397073150271e-01,5.699999999999999512e-01,1.284407420461224913e-01,-1.295489475692253312e-01,-2.826210389704117976e-01,-5.258620695674524059e-01,-2.320897062345744170e-03,5.699999999999999512e-01,2.322574822745200052e-01,-6.138061414540387783e-01
5.086951048191281632e-01,-1.055846615733824219e-17,2.200000000000000011e-01,1.178322517598663355e-01,1.912074094437699323e-01,2.312762945865853847e-02,-9.741767805560883620e-01,6.378533577548872735e-01,-2.218790263612657188e-01,-7.877138579893854242e-01,2.585224377066084323e-01,5.699999999999999512e-01,1.500191651278517391e-01,5.644579060336476529e-03,-1.877144926577844763e-01,-6.205761340446626084e-01,1.917566331903825805e-01,5.699999999999999512e-01,-5.769335390616153053e-02,-5.038628168012609931e-01
5.460653127417055552e-01,-9.896116330348927744e-18,2.200000000000000011e-01,1.285853142673472338e-01,1.760864623428352871e-01,2.320688912418721397e-02,-9.756642942280558950e-01,6.503788364718533499e-01,-1.516736326588498940e-01,-6.112491353660585158e-01,2.214854756064764674e-01,5.421678609697200280e-01,1.269503929219699956e-01,1.231711801536693601e-01,-1.465511528621385728e-01,-6.821167921768935827e-01,3.604054430770794459e-01,5.699999999999999512e-01,-3.035847302994464370e-01,-3.863747919195871794e-01
5.857206979476131670e-01,-8.721514396504403627e-18,2.200000000000000011e-01,1.372413462624428870e-01,1.483469743721987921e-01,2.079296829706225869e-02,-9.791453623135248918e-01,6.149249881843572574e-01,-8.310679593477290905e-02,-4.602080774582038014e-01,2.738654119152508781e-01,5.336804252126132742e-01,1.527328980760216670e-01,1.311197347201882857e-01,-1.122626786730445830e-01,-7.010225833100556248e-01,5.042778518660286924e-01,5.371792226052647390e-01,-4.731145202116817106e-01,-2.958411413519208555e-01
6.261369495616639913e-01,-7.228042118482757092e-18,2.200000000000000011e-01,1.419086999359348289e-01,1.089328947833348854e-01,1.571400137384111259e-02,-9.837421488771530553e-01,5.544774894172905810e-01,-2.554353396618871605e-02,-3.865617936884275241e-01,4.095071356964239406e-01,5.699999999999999512e-01,1.803630357274405849e-01,1.075849996141108045e-01,-8.711930633368754340e-02,-6.912259684630038814e-01,5.699999999999999512e-01,4.958247528081001221e-01,-5.889744697086281011e-01,-2.179002104941118734e-01
6.673409247349139095e-01,-5.847852965954386629e-18,2.200000000000000011e-01,1.332991094038111224e-01,6.364607703198103816e-02,8.578388656933937095e-03,-9.889928895389696883e-01,4.850799344843393368e-01,5.253271793716653495e-03,-3.728924692089097825e-01,5.590078916399765507e-01,5.699999999999999512e-01,2.605446058657325814e-01,1.191879498742041965e-02,-9.025817711320399672e-02,-5.961245280383207223e-01,5.699999999999999512e-01,4.205522555827875264e-01,-6.903327113344387422e-01,-1.526726464345081746e-01
7.082520303742694256e-01,-4.802458165091175665e-18,2.200000000000000011e-01,1.179904454553312304e-01,1.492269220788170099e-02,1.773323902775575259e-03,-9.929010138784516437e-01,3.968353365126298660e-01,1.248309423069832516e-02,-2.322934666823766037e-01,4.622544388495895551e-01,5.699999999999999512e-01,3.507097853036875712e-01,-9.205391681588476205e-02,-1.513932803724067355e-01,-3.314091386728797994e-01,2.954521976430667940e-01,3.550848130372592504e-01,-7.535005128347092018e-01,-1.364325725251115673e-01
7.488441047500657977e-01,-3.537371945977004798e-18,2.200000000000000011e-01,9.882198185364099441e-02,-4.030547536140366427e-02,-4.005979306497379350e-03,-9.942804617854088534e-01,2.626377355200539276e-01,9.222531484294302535e-04,-2.849676669747923038e-02,2.997815155112642516e-01,5.699999999999999512e-01,4.224825403507978527e-01,-2.227872961829493181e-01,-1.603538509305865722e-01,-1.041117629132794903e-01,7.975207135758739796e-02,3.177547526049203097e-01,-7.990625124044825611e-01,-8.819889025660777870e-02
7.888590967473316784e-01,-2.276486352864502995e-18,2.200000000000000011e-01,7.376062756647568108e-02,-8.549024532852671221e-02,-6.346529184170121053e-03,-9.935846764830779110e-01,1.274904274239411772e-01,-1.986655631528840005e-02,2.296267685766006650e-01,7.351020217277207114e-02,5.534632456946486645e-01,5.221121448260863662e-01,-3.766519495984054777e-01,-1.925425726828194350e-01,7.682229026352635839e-03,8.421362855864297781e-02,2.810447820383497053e-01,-8.404568539920832526e-01,6.140076483946804720e-02
8.272185845586921271e-01,-1.138864212819816196e-18,2.200000000000000011e-01,3.726495455057504680e-02,-1.196972772386902528e-01,-4.496029371514900785e-03,-9.921006353711695480e-01,1.100942877278464523e-02,-7.177750513155803369e-02,4.499087570610139641e-01,-1.430073404210497612e-01,5.054687587087037803e-01,5.753129863631117891e-01,-5.131155220341000467e-01,-2.167764321780201175e-01,2.080459880219147697e-02,2.567252185994978175e-01,2.323199404493553888e-01,-7.543109198910137314e-01,5.304235413270681765e-02
8.634565071611581821e-01,-3.771114604042565842e-19,2.200000000000000011e-01,2.272035259661242534e-03,-1.442064622605617186e-01,-3.311038717176417734e-04,-9.895449582855233572e-01,-7.541932272301295204e-02,-1.367570244667448143e-01,5.743603933229101122e-01,-3.259227509329407080e-01,4.343904973604502673e-01,5.441871406452384319e-01,-5.895184942815816509e-01,-2.203923491776220434e-01,-4.975123188434981553e-02,5.422039471985538039e-01,2.156385751004480933e-01,-5.895523664062137792e-01,-1.665472045510887206e-02
9.004180094424748537e-01,-5.835443281478492742e-20,2.200000000000000011e-01,2.636505242708631069e-02,1.512028502409897279e-01,-4.034306420595518139e-03,9.881428573142765348e-01,-1.172519829274053099e-01,-1.893266149313967972e-01,6.392568722232216949e-01,-4.813675285927883074e-01,3.630228499142330589e-01,4.390034463814435628e-01,-6.015315738091260300e-01,-2.169830708596558744e-01,-1.309778278334357837e-01,5.699999999999999512e-01,2.094775211041545737e-01,-3.716675613045528626e-01,-5.948454478868180073e-02
9.372872946640893321e-01,-2.459864471001777999e-19,2.200000000000000011e-01,4.765341314112809395e-02,1.410766555376008202e-01,-6.798741433114333967e-03,9.888277436405452647e-01,-8.721985816060630337e-02,-2.269452092443429991e-01,5.901040502755325878e-01,-5.838159866710838086e-01,2.892454418818087292e-01,2.008171667657439874e-01,-5.203465336846527789e-01,-2.184546111893299336e-01,-1.147378269086681418e-01,5.699999999999999512e-01,2.115647485324115562e-01,-1.551871932744106619e-01,-3.286131949855961715e-02
9.734919676900096741e-01,-3.717989358992253437e-19,2.200000000000000011e-01,5.685426846232222164e-02,1.257613765465601108e-01,-7.219349891817362919e-03,9.904037304624151439e-01,-2.799973796448102306e-02,-2.480712663360944981e-01,4.344264159781043300e-01,-6.231005226816742626e-01,2.345357479161766512e-01,-1.058412743177208903e-01,-3.585969273807427249e-01,-2.401224905281889033e-01,-6.150317004033276774e-02,5.699999999999999512e-01,2.048078458961760384e-01,-2.338320836875351291e-02,1.376936779074121042e-01
1.009924056330122610e+00,3.451503727508167821e-19,2.200000000000000011e-01,5.583645892482741457e-02,1.181218221764413490e-01,-6.652679378204739979e-03,9.914057024435274368e-01,-2.987367165149066098e-02,-2.499770054070066805e-01,3.101257728841989025e-01,-6.467350552352375548e-01,2.008214373352831261e-01,-3.740164704170841348e-01,-1.635044093336134319e-01,-3.091934511708289701e-01,-1.948553686820710118e-02,5.699999999999999512e-01,2.192879538347097534e-01,-2.986452061268784347e-02,4.503775874264578372e-01
1.046275337183321996e+00,1.374632385951285419e-18,2.200000000000000011e-01,5.206273442818577096e-02,1.085276030919608420e-01,-5.691720101963935498e-03,9.927128665295191778e-01,-6.211972730716229518e-02,-2.541554092722518865e-01,2.062576369652067421e-01,-6.493298086818242165e-01,1.708236183480289494e-01,-6.059937039212646148e-01,5.810959373346972351e-02,-3.715812835301282591e-01,7.199032272112476649e-02,5.699999999999999512e-01,2.339589166080098537e-01,-8.876532227465364078e-02,5.699999999999999512e-01
1.081747318336304664e+00,2.092420918373326466e-18,2.200000000000000011e-01,4.392191159678038304e-02,8.974022113428076208e-02,-3.961415188327106762e-03,9.949883745964878123e-01,-7.159378138984093254e-02,-2.545759174223692911e-01,6.890239739630521498e-02,-6.042278824384667013e-01,1.541470300675977234e-01,-8.457259492263526912e-01,3.274705670593837659e-01,-4.362631020832712925e-01,2.341433519702001975e-01,2.115307581826686989e-01,2.540097087166676149e-01,-6.509209344824426480e-02,5.699999999999999512e-01
1.116742275953964247e+00,2.155362584762838408e-18,2.200000000000000011e-01,3.261267978637355514e-02,6.195869184899989446e-02,-2.025614497089916338e-03,9.975436985452925676e-01,-4.389570576417071990e-02,-2.604500573187574775e-01,-1.162466832045512544e-01,-5.062495683880037234e-01,1.575741275828003163e-01,-1.084091594467608832e+00,5.699999999999999512e-01,-4.976941847861873214e-01,3.123713374887153171e-01,-7.690118869036176308e-02,3.121772608498622481e-01,4.628929142774317052e-03,5.699999999999999512e-01
1.150904253328868032e+00,2.073942199823496766e-18,2.200000000000000011e-01,2.743495095771525394e-02,3.384432549946572721e-02,-9.294002852811185378e-04,9.990500594627598208e-01,-2.057557262881500384e-02,-2.915395327913288814e-01,-3.215531613166422442e-01,-3.604779711144674992e-01,1.707223866756616415e-01,-1.175254987283553820e+00,5.699999999999999512e-01,-5.653722531643169402e-01,3.122809630271423664e-01,-2.684434266027810323e-01,3.644792422951973476e-01,9.820324576344219292e-02,5.699999999999999512e-01
1.184992710588645748e+00,1.536236306797082475e-18,2.200000000000000011e-01,2.138443869854778079e-02,4.272144373541279794e-03,-9.137913989912217413e-05,9.997621948312771512e-01,1.375268314768949597e-02,-3.336948653283094424e-01,-5.605258006522723102e-01,-1.551651855111299549e-01,2.058879646554405696e-01,-1.183023312446961794e+00,5.699999999999999512e-01,-5.699999999999999512e-01,2.506085933443147340e-01,-3.976245743826513634e-01,4.324712198306327471e-01,2.719032287004261583e-01,5.699999999999999512e-01
1.219524676136305219e+00,6.832856188176569724e-19,2.200000000000000011e-01,9.424407146149060832e-03,-2.751405841925814999e-02,2.594134322276911431e-04,9.995769554386078060e-01,6.229610172710933758e-02,-3.847003596796118585e-01,-8.336869454396252932e-01,1.315192588997806666e-01,2.642862966016348847e-01,-1.131245205858296243e+00,5.699999999999999512e-01,-5.699999999999999512e-01,1.627451163230880793e-01,-4.881761507379872578e-01,5.602569861869693968e-01,5.390489780846837720e-01,2.748379455323017306e-01
1.254094792749691711e+00,-5.431967644838148548e-19,2.200000000000000011e-01,5.935613761287317214e-03,6.234174479727215556e-02,3.707642757478646356e-04,-9.980371425346656888e-01,1.331687425393789370e-01,-4.274014206654883630e-01,-1.149902104312080731e+00,5.207016440883990294e-01,3.298992645804383894e-01,-1.026103869123100809e+00,5.699999999999999512e-01,-5.699999999999999512e-01,6.519103491073352519e-02,-5.385139721006801938e-01,5.699999999999999512e-01,7.199588487096051370e-01,-8.945443570380920417e-02
1.288617677554103613e+00,-2.155733060037449115e-18,2.200000000000000011e-01,2.299392724446458480e-02,1.022908331325662751e-01,2.365109346115876199e-03,-9.944859330451600865e-01,2.148926841530915677e-01,-4.604204571696547399e-01,-1.382871221926312399e+00,5.699999999999999512e-01,4.330672629200682522e-01,-7.868917662899593823e-01,4.927300046159306945e-01,-5.699999999999999512e-01,-4.838299834800274118e-02,-5.143140228068344699e-01,5.699999999999999512e-01,7.939793822712062354e-01,-3.381821107620937017e-01
1.323775105100959415e+00,-4.116302841812332971e-18,2.200000000000000011e-01,4.498738395019263869e-02,1.455725896029431699e-01,6.626446136432095901e-03,-9.883020017450192540e-01,3.001932435865705684e-01,-4.540237976901453920e-01,-1.461915667679645869e+00,5.699999999999999512e-01,5.487905848186124258e-01,-3.624480570288881598e-01,4.334408101717217299e-02,-5.324973823732523925e-01,-1.601597507009818733e-01,-4.338457058188802118e-01,5.699999999999999512e-01,7.796162827547828966e-01,-4.962539130950656130e-01
1.357556619464050485e+00,-5.907854074294615845e-18,2.200000000000000011e-01,6.461740126651288607e-02,1.831243875894063011e-01,1.206356081074526354e-02,-9.808896577210572953e-01,3.883642540636826901e-01,-3.950487696599389031e-01,-1.433813170047378183e+00,5.699999999999999512e-01,5.699999999999999512e-01,-9.901915665435030711e-02,-1.451215378473080519e-01,-4.427192927808539791e-01,-2.860761812681628102e-01,-2.963472258741992049e-01,5.699999999999999512e-01,6.703736230135137752e-01,-5.961231448313434322e-01
1.389900977224264089e+00,-7.050512848332905340e-18,2.200000000000000011e-01,7.960731917544811020e-02,2.073013640699295224e-01,1.692783537985209641e-02,-9.748857715536716206e-01,4.757424369583145296e-01,-3.130265220961381267e-01,-1.364253540782962570e+00,5.699999999999999512e-01,5.699999999999999512e-01,9.813752406508460813e-02,-2.211399011712981699e-01,-3.585464888507582937e-01,-4.231994586623999410e-01,-1.145034233893707926e-01,5.699999999999999512e-01,4.283561083432616545e-01,-5.729721722883311941e-01
1.423578489629338639e+00,-8.184101409697876032e-18,2.200000000000000011e-01,8.848663561549043044e-02,2.243133759464786547e-01,2.045679773922651559e-02,-9.702758082706183229e-01,5.709906090458937156e-01,-3.196274169464790593e-01,-1.199059695379611545e+00,5.699999999999999512e-01,5.699999999999999512e-01,2.107470721921618773e-01,-1.870703150942231441e-01,-2.868587330379619993e-01,-5.299357291403333781e-01,6.526626869272755815e-02,5.699999999999999512e-01,1.707936998654710492e-01,-4.987159045333870999e-01
1.457976897057402077e+00,-9.002610535809906722e-18,2.200000000000000011e-01,9.556520630336073907e-02,2.308366965559019435e-01,2.278874453892548724e-02,-9.680198262379207108e-01,6.649624408191955327e-01,-2.713684466441436682e-01,-9.032633545598703906e-01,3.809550309382262467e-01,5.699999999999999512e-01,2.193670053430458733e-01,-6.521942726853782735e-02,-2.371247800125763361e-01,-6.119580827612738361e-01,2.416761451480037570e-01,5.414137881220125736e-01,-1.051021619924988326e-01,-3.813996697164966920e-01
1.494982024267502041e+00,-8.755510237206676911e-18,2.200000000000000011e-01,9.938434770434395604e-02,2.198806216525679980e-01,2.252414515965216191e-02,-9.701896343178942894e-01,7.069181246164013555e-01,-2.154454224432894860e-01,-7.459996992371485947e-01,3.174712476608504974e-01,5.503206570643495166e-01,1.708192694200871831e-01,7.345985619422107371e-02,-2.038274177898197204e-01,-6.669167295767458592e-01,3.995710662806095104e-01,4.882257868756157970e-01,-3.209726630277766612e-01,-2.737988004231371453e-01
1.533748690759444422e+00,-7.860566776412426709e-18,2.200000000000000011e-01,1.005928984853208807e-01,1.940071242716075450e-01,2.000334057688031575e-02,-9.756239905168120341e-01,6.928977877729651791e-01,-1.542534846228251211e-01,-5.890662520886803533e-01,3.257605299635724094e-01,5.298071597490177087e-01,1.591132330585732779e-01,1.059132709486214075e-01,-1.869677069090894816e-01,-6.911127988353045204e-01,5.284491614721564812e-01,4.314523805123429145e-01,-4.752010477707946934e-01,-1.916333354192629179e-01
1.572755373204731244e+00,-6.681148350448463760e-18,2.200000000000000011e-01,9.951589481381195590e-02,1.568158512479987665e-01,1.588407087012982943e-02,-9.824729369144804547e-01,6.515713068120838614e-01,-1.028958893082132509e-01,-5.085671543883756307e-01,4.358781143679908432e-01,5.602063541746480357e-01,1.426948733999907071e-01,9.839607110853056116e-02,-1.675660957600229872e-01,-7.014931202669213439e-01,5.699999999999999512e-01,3.852471775499374806e-01,-5.855614086979853417e-01,-1.328383472913323426e-01
1.612385191237763804e+00,-5.447489302499397313e-18,2.200000000000000011e-01,9.499117803212062117e-02,1.122561975578452720e-01,1.078118944638692921e-02,-9.890697589958177272e-01,6.004561902593558154e-01,-5.228310873010258431e-02,-5.155971706535567023e-01,5.699999999999999512e-01,5.699999999999999512e-01,1.783514545642224947e-01,2.005950100325588903e-02,-1.502415821712573263e-01,-6.774291667802546657e-01,5.699999999999999512e-01,3.196071793214144141e-01,-6.843686995586774069e-01,-7.904623194539497910e-02
1.652231041329045080e+00,-4.544982179223652925e-18,2.200000000000000011e-01,8.759600252527138808e-02,6.507005375445149009e-02,5.734212796436578830e-03,-9.940120458272077020e-01,5.414548772266314369e-01,-1.771700194685545127e-02,-4.529857234348900752e-01,5.699999999999999512e-01,5.699999999999999512e-01,2.297504908170821536e-01,-6.973766806383162320e-02,-1.329918379167250864e-01,-6.178099597287807221e-01,5.699999999999999512e-01,2.638438108156331285e-01,-7.315933782980049704e-01,-6.302843839299741846e-02
1.691282353202561373e+00,-4.316184386978249567e-18,2.200000000000000011e-01,8.026757740549245179e-02,2.002079175429462288e-02,1.612549945849736655e-03,-9.965709626502554652e-01,4.854082851587410707e-01,3.082087615283978128e-03,-3.351641310498583159e-01,5.233684527573776446e-01,5.699999999999999512e-01,2.311629994871718108e-01,-1.653911045299918947e-01,-1.790622968073255217e-01,-3.523727502868764794e-01,3.853541951095174611e-01,2.382691081103829600e-01,-7.624500890442297285e-01,-1.999873090302640988e-02
1.730091734286409055e+00,-3.955471966815536861e-18,2.200000000000000011e-01,7.343837606608893953e-02,-2.748153493107294981e-02,-2.024436607393214835e-03,-9.969189895949573943e-01,4.083043881430763467e-01,2.183393460768333696e-02,-1.504750519398717068e-01,3.317155266177621020e-01,5.699999999999999512e-01,2.490194594507546821e-01,-2.691053225009213956e-01,-1.674201944662068731e-01,-1.026616198775849309e-01,1.346064992940448068e-01,2.551441895229847878e-01,-7.982129625390799177e-01,6.354244389121367631e-02
1.768893822896631551e+00,-3.394492267104261501e-18,2.200000000000000011e-01,4.557566862760253912e-02,-6.507876692767354532e-02,-2.975427421268134198e-03,-9.968343690683931779e-01,3.183770891908754841e-01,9.251056820766670463e-03,7.692345088024828137e-02,1.021929616362420301e-01,5.699999999999999512e-01,2.790857620179969523e-01,-3.818354804689950144e-01,-1.923429492064336610e-01,3.146822774258319771e-02,1.231463131626664431e-01,2.373066415138997964e-01,-7.947818461576503513e-01,1.471535715188272142e-01
1.806736450115065562e+00,-2.893466920021057846e-18,2.200000000000000011e-01,1.097723043939685846e-02,-9.472066748223896548e-02,-1.044530710557809100e-03,-9.954428183071061254e-01,2.352965846389251103e-01,-2.787682060475315388e-02,2.397967427087966119e-01,-9.243674561696291203e-02,5.536681612258620433e-01,2.694588313905807442e-01,-4.663259062216728590e-01,-2.169588654938303107e-01,7.594437146480133294e-02,2.666392046422735307e-01,2.029282997929745258e-01,-7.074233948091765978e-01,1.036504901080801538e-01
1.842305667891936949e+00,-2.055433913657785156e-18,2.200000000000000011e-01,2.484665500390281778e-02,1.229812973021261607e-01,-3.080027273709776137e-03,9.920931194605657755e-01,1.284294938077718273e-01,-7.838069635671349178e-02,3.902264742295102340e-01,-2.826570674000818961e-01,4.933271649807983716e-01,2.510374758206609935e-01,-5.244929385127161670e-01,-2.148011165306543679e-01,-1.585861088846886487e-03,5.429059631028773092e-01,2.066550784700791066e-01,-5.373534612078757489e-01,-1.942192592610689911e-02
1.878574522697192606e+00,-1.822531890448712397e-18,2.200000000000000011e-01,5.680734439203850850e-02,1.281414642541071347e-01,-7.352160352177216154e-03,9.901003163821804343e-01,8.522768333822704212e-02,-1.230836571193971163e-01,4.792304166986458003e-01,-4.442948546440786961e-01,4.188012704453863422e-01,1.582246017831483442e-01,-5.231763011079160197e-01,-2.223956740107670693e-01,-8.269897408230339475e-02,5.699999999999999512e-01,2.031384724178033341e-01,-2.951400658500858976e-01,-1.050992939598713594e-01
1.912822875081628737e+00,-1.941389883889786074e-18,2.200000000000000011e-01,8.175239726516836392e-02,1.194456880487664990e-01,-9.869389825006631700e-03,9.894199655820763439e-01,1.066734307844234703e-01,-1.582679485368378436e-01,4.627028679689584312e-01,-5.617581857932261169e-01,3.397978964936206325e-01,-3.836636923896489387e-02,-4.499328401160836433e-01,-2.269606485056417655e-01,-7.313369392635951649e-02,5.699999999999999512e-01,1.877376975611128318e-01,-8.592856644752268347e-02,-7.675448178768738694e-02
1.946794259843556585e+00,-1.730121703111965851e-18,2.200000000000000011e-01,9.138052038526633947e-02,1.093577186324917461e-01,-1.009674107971266638e-02,9.897416560341310010e-01,1.349061812366599833e-01,-1.685559016337043747e-01,3.801727765242676749e-01,-6.379482295534465441e-01,2.808492414002137783e-01,-2.881349036619829662e-01,-3.082904093032876047e-01,-2.472964362461625154e-01,-1.968245759843447948e-02,5.699999999999999512e-01,1.934647912246435786e-01,3.180282506137628584e-02,7.571588653852137640e-02
1.982055609016102338e+00,-8.306027861112928073e-19,2.200000000000000011e-01,8.798694623937558523e-02,1.046010856063039896e-01,-9.291137739459109923e-03,9.905708379217300630e-01,1.136871180075759019e-01,-1.578787308073620055e-01,3.066665499051926536e-01,-6.909967264927423525e-01,2.391457787951346559e-01,-5.106850029040024275e-01,-1.332799545579004263e-01,-3.217858140907449704e-01,5.399027456115983864e-02,5.699999999999999512e-01,2.049289985231974587e-01,3.239491393021150939e-02,3.589239912369673324e-01
2.017677165396022598e+00,5.641506146021026798e-19,2.200000000000000011e-01,8.110015109843432546e-02,1.016202092758439479e-01,-8.312258180101353422e-03,9.914771832586427580e-01,4.969426535041516352e-02,-1.465560839487746736e-01,2.383973259613965667e-01,-7.094494738495996655e-01,1.952018971389965218e-01,-6.940858298452040609e-01,6.463284633785808253e-02,-3.824721098077911718e-01,1.699370678999357342e-01,5.237198885649668734e-01,2.214718245317660594e-01,-5.134225210704437825e-02,5.699999999999999512e-01
2.052912913808625284e+00,1.483227220293670871e-18,2.200000000000000011e-01,7.182328449297920026e-02,8.815340954304595744e-02,-6.372931469131405680e-03,9.934937231482976472e-01,1.890563392696851738e-02,-1.394457606560252361e-01,1.242372851285331453e-01,-6.749097364966528678e-01,1.583622921885893264e-01,-8.908802691968052967e-01,3.100707804387967670e-01,-4.457013280363505414e-01,3.026729661779813396e-01,1.291367957383995624e-01,2.437021777366831232e-01,-5.193938468867355385e-02,5.699999999999999512e-01
2.087001764769720324e+00,1.906201663732489674e-18,2.200000000000000011e-01,5.969612998684825644e-02,6.794168577764375661e-02,-4.072580062134040224e-03,9.958934247648805194e-01,1.531153181134376796e-02,-1.451668828393682387e-01,-3.479040237455346268e-02,-5.923450570789803304e-01,1.351646410420933031e-01,-1.098869876081803199e+00,5.699999999999999512e-01,-5.033497425338162579e-01,3.570386032481400185e-01,-1.542276767544338290e-01,2.949545519406616134e-01,1.960426612724685408e-02,5.699999999999999512e-01
2.120847289346824205e+00,2.043657761115134871e-18,2.200000000000000011e-01,5.614128911142513001e-02,4.648748769164899597e-02,-2.616837265906449966e-03,9.973365637074327328e-01,1.782853802754410036e-02,-1.984675445178153141e-01,-2.155853021516813961e-01,-4.672304451747345544e-01,1.171457042713903995e-01,-1.207133575071831721e+00,5.699999999999999512e-01,-5.699999999999999512e-01,3.318663334682233068e-01,-3.528401409573399539e-01,3.746652698344661858e-01,8.669502988466586124e-02,5.699999999999999512e-01
2.153687986582783154e+00,1.670428480205191438e-18,2.200000000000000011e-01,5.280887889697394311e-02,2.353371538635199572e-02,-1.244872397195395664e-03,9.983265181504865637e-01,3.806804805985268547e-02,-2.676510804640849228e-01,-4.387544488141638666e-01,-2.851168399115239782e-01,1.367828825082910704e-01,-1.239770427554572230e+00,5.699999999999999512e-01,-5.699999999999999512e-01,2.395035265011289660e-01,-4.929721895499595274e-01,4.257235826661944778e-01,3.019365675355747958e-01,5.586696074439920778e-01
2.186626673427375156e+00,9.703873281236715928e-19,2.200000000000000011e-01,4.423437610417962906e-02,3.936603461941175848e-04,-1.743038235583880451e-05,9.990211032297504623e-01,6.767477629634625902e-02,-3.454090971346283623e-01,-6.882936243140566068e-01,-3.999789596888302795e-02,1.789486393422638211e-01,-1.210988827446813687e+00,5.699999999999999512e-01,-5.699999999999999512e-01,1.185238434854792577e-01,-5.887822707611108930e-01,5.145490641219961914e-01,5.653783084721067942e-01,8.153187880412110511e-02
2.219661630269650576e+00,-4.586776210075680920e-20,2.200000000000000011e-01,3.475155068293789284e-02,-2.635933849020440783e-02,9.169008836195161050e-04,9.990478838835803455e-01,1.151578857220650620e-01,-4.198883336246844733e-01,-9.543792188262516518e-01,2.708430917354925360e-01,2.347232838541314648e-01,-1.129934410896791031e+00,5.699999999999999512e-01,-5.699999999999999512e-01,-1.768104182615827177e-02,-6.178031002292773133e-01,5.699999999999999512e-01,7.051396288337243856e-01,-2.567261624216785054e-01
2.252965733087539224e+00,-1.545119555658253423e-18,2.200000000000000011e-01,2.248210263998456915e-02,-5.936847239471260140e-02,1.337426964964454762e-03,9.979820393351359620e-01,1.796800010852949159e-01,-4.923074693961786430e-01,-1.236646937156276715e+00,5.699999999999999512e-01,3.242948922307013482e-01,-9.831656205425405304e-01,5.699999999999999512e-01,-5.699999999999999512e-01,-1.492148408275459082e-01,-5.732924120337491436e-01,5.699999999999999512e-01,7.389221593852571823e-01,-4.909433776259953253e-01
2.286967149627872065e+00,-3.489749108211471556e-18,2.200000000000000011e-01,-5.551564673691555818e-03,9.535942871110267283e-02,-5.318259249419490797e-04,-9.954272834550756954e-01,2.476995046621771057e-01,-5.321572317246497930e-01,-1.393169275956719577e+00,5.699999999999999512e-01,4.404046240773382692e-01,-5.811021220708312285e-01,2.600843829534644214e-01,-5.699999999999999512e-01,-2.589542177192858952e-01,-4.751484012479577634e-01,5.699999999999999512e-01,6.828994034941465729e-01,-6.470986426615203957e-01
2.321220931178467506e+00,-5.516262275936008613e-18,2.200000000000000011e-01,1.044182013237415774e-02,1.300658876543059339e-01,1.369837506397991733e-03,-9.914494222128664713e-01,3.264762537594024794e-01,-5.334858501266364073e-01,-1.430748223208100134e+00,5.699999999999999512e-01,5.229456781376385921e-01,-2.895506978403655229e-01,1.279793920468290554e-02,-5.346303231239957210e-01,-3.451118384662253402e-01,-3.375637775873153723e-01,5.699999999999999512e-01,5.381079787223426170e-01,-7.218303074062067948e-01
2.353628233688282556e+00,-6.981155059229605665e-18,2.200000000000000011e-01,2.463842782615088822e-02,1.538605976564628719e-01,3.837789158985763227e-03,-9.877778777323487081e-01,4.076113584055547356e-01,-4.813835940885102804e-01,-1.383293456617081585e+00,5.699999999999999512e-01,5.699999999999999512e-01,-9.071181063699183811e-02,-8.052065036660635555e-02,-4.399500945776130267e-01,-4.466780584442754387e-01,-1.409681726725569018e-01,5.699999999999999512e-01,2.882445268045138453e-01,-7.038102778925371394e-01
2.386025673361380939e+00,-7.933406160788543111e-18,2.200000000000000011e-01,3.245337569837714042e-02,1.656226665090889116e-01,5.453324463711203829e-03,-9.856399809243194809e-01,4.829529688550170397e-01,-4.642406286237465429e-01,-1.290839105536633058e+00,5.699999999999999512e-01,5.699999999999999512e-01,1.889772343110952130e-02,-5.495507441360215212e-02,-3.944595336212968761e-01,-5.473851841213671632e-01,7.392575637605794392e-02,5.352290265122205959e-01,1.074836179810807583e-02,-6.119812458920367293e-01
2.419232840298910947e+00,-8.856290035821056555e-18,2.200000000000000011e-01,4.122244073695663369e-02,1.706899203297903289e-01,7.147497554975679179e-03,-9.844361709913952430e-01,5.539028047165641677e-01,-4.105569532471639027e-01,-1.021572643156478666e+00,5.572108447004133769e-01,5.699999999999999512e-01,8.735354102337239413e-02,9.573120313283238828e-03,-3.697785508143253685e-01,-6.157064381391581520e-01,2.763187587338093998e-01,4.449435916826938731e-01,-2.402931634457441956e-01,-4.597707610128465294e-01
2.454408063338680890e+00,-8.965299675204685694e-18,2.200000000000000011e-01,5.098546170678425887e-02,1.592827470450356164e-01,8.237407147730609405e-03,-9.858811461387300135e-01,5.866259917697811410e-01,-3.192902311141385119e-01,-8.108777225490872986e-01,3.816037057543651967e-01,5.539432834322259858e-01,8.502406642857161800e-02,1.345479389305637707e-01,-3.380463044126391647e-01,-6.650043081702960990e-01,4.675457505049948059e-01,3.425919988633437385e-01,-4.369901329141325785e-01,-3.050516281145180808e-01
2.491971398839194052e+00,-8.451373028642607746e-18,2.200000000000000011e-01,6.051536153964898884e-02,1.335718955772270122e-01,8.171765894104844954e-03,-9.891560351996059319e-01,5.647867202578892298e-01,-2.301327368120437977e-01,-6.369500616909526958e-01,3.380848672858212667e-01,5.322681274787192107e-01,1.168221626907522681e-01,1.446563732234513733e-01,-2.985474714787746953e-01,-6.766173365492467173e-01,5.699999999999999512e-01,2.776971665185751226e-01,-5.579054627605273264e-01,-1.840987234714627496e-01
2.530294665151742617e+00,-7.671111496620304684e-18,2.200000000000000011e-01,6.991347253441337894e-02,9.728245337781096791e-02,6.850854677206329180e-03,-9.927745446037412602e-01,5.134875262269903429e-01,-1.478119397086811171e-01,-5.090953122278781828e-01,3.837053763582400356e-01,5.640828237960462399e-01,1.343857102969865103e-01,1.285549498907595234e-01,-2.533148223101056029e-01,-6.373044426599951962e-01,5.699999999999999512e-01,2.333417399969422712e-01,-6.689343201236384040e-01,-5.564181485753939144e-02
2.569608076948046715e+00,-6.773907801361988104e-18,2.200000000000000011e-01,7.720104198247962346e-02,5.137892500607907365e-02,3.983704802610853885e-03,-9.956828487415482209e-01,4.448583102573349657e-01,-7.338366874070924306e-02,-4.524944048429182519e-01,5.054914873604106074e-01,5.699999999999999512e-01,2.044908385203548229e-01,4.313289640082865889e-02,-2.510190231209758482e-01,-4.183769333614734132e-01,4.243905214545158344e-01,2.056256464390920913e-01,-7.334768316494012508e-01,-2.311009919082017069e-02
2.609591845789273279e+00,-5.700535376283189428e-18,2.200000000000000011e-01,7.127148544994987844e-02,-1.701686327554576775e-03,-1.215911014799250442e-04,-9.974554951680822956e-01,3.502896966084619867e-01,-2.899487932470936821e-02,-3.905687835851947565e-01,5.699999999999999512e-01,5.699999999999999512e-01,3.122461177211131589e-01,-6.323661569235734803e-02,-2.396987253303843601e-01,-2.108447930771118473e-01,1.382105491820890264e-01,1.975213574696082497e-01,-7.809233168313547413e-01,-2.054706773267661601e-02
2.649202251935456776e+00,-4.479434176082164762e-18,2.200000000000000011e-01,6.007456562227836416e-02,-5.304233380045601798e-02,-3.196793697954360830e-03,-9.967784798541491353e-01,2.152846294966049290e-01,-1.250325835444172657e-03,-1.579697128530980765e-01,4.101156020422164761e-01,5.699999999999999512e-01,4.311841077337257855e-01,-2.011813470128247516e-01,-2.309849964981310344e-01,-1.979804494251007074e-02,5.207953458932830515e-03,1.665689884327673786e-01,-8.044487559977143709e-01,5.466077756679936506e-02
2.686943668127850238e+00,-3.089411946219546281e-18,2.200000000000000011e-01,3.715321391690956654e-02,-9.813345927589298134e-02,-3.666237670364815016e-03,-9.944727354571041289e-01,6.433761731803563921e-02,-1.371161034456268996e-02,1.107268207924176073e-01,1.975259433926908059e-01,5.699999999999999512e-01,5.690843065445166937e-01,-3.656861319292007417e-01,-2.235414772177952980e-01,6.386460233542506915e-02,4.514526869744002469e-02,1.346733245751031982e-01,-8.494765011850481384e-01,2.196203988553987185e-01
2.722182134986498081e+00,-1.805036928770070792e-18,2.200000000000000011e-01,-8.027684764554565700e-03,1.337597454347063120e-01,1.083553988202923257e-03,9.909806822987612396e-01,-6.904774595521055713e-02,-4.484005706590350054e-02,4.054972569530849724e-01,-7.078530645604426408e-02,5.699999999999999512e-01,6.934281435182405584e-01,-5.348806577574942711e-01,-2.240559253606495826e-01,6.200124652167680883e-02,2.103332060385228186e-01,1.427763925944015300e-01,-7.340468977335649070e-01,9.583789508630768950e-02
2.755612655667615041e+00,-6.256800950502539619e-19,2.200000000000000011e-01,2.030977684868979019e-02,1.598617816565616745e-01,-3.289770958170762805e-03,9.869249723950596076e-01,-1.844163450654168201e-01,-9.371052342115743228e-02,6.381396166211872334e-01,-3.103685299126812680e-01,5.318367067702144402e-01,7.454365852353247446e-01,-6.590172537240538420e-01,-2.127053158934148203e-01,-3.176020978164112440e-02,5.022150508842700978e-01,1.459592112481245818e-01,-6.234121714723420693e-01,-2.822377650358460360e-02
2.789487779644731713e+00,1.595307208975173570e-19,2.200000000000000011e-01,3.871447075514488495e-02,1.686935191925998667e-01,-6.631105258062456806e-03,9.848856353808910225e-01,-2.418214751302056875e-01,-1.289555936211134179e-01,7.670309847678089543e-01,-5.065430433892579298e-01,4.584928752330447166e-01,6.791915554262911714e-01,-7.060408932215974653e-01,-1.948044753346407920e-01,-1.309839935175796666e-01,5.699999999999999512e-01,1.400813218391971371e-01,-4.305034585855597173e-01,-9.031569421968130285e-02
2.823278502779797527e+00,2.794743387244132994e-19,2.200000000000000011e-01,5.195554448213013377e-02,1.588711174437979490e-01,-8.372320438834610079e-03,9.858957823675856824e-01,-2.192606361838039253e-01,-1.531354796001277441e-01,7.719957334740714661e-01,-6.610755615427136300e-01,3.736067379274049527e-01,4.637798408756485524e-01,-6.555954706643278840e-01,-1.806296123898599171e-01,-1.364908176586712429e-01,5.699999999999999512e-01,1.454916410673506022e-01,-2.149465760426343686e-01,-6.063984713920478331e-02
2.856268536219344067e+00,4.595875418232820799e-20,2.200000000000000011e-01,5.679573990945085971e-02,1.355648449669839550e-01,-7.784287468027437096e-03,9.891085995004951226e-01,-1.384765875165898108e-01,-1.612756037906279416e-01,6.503576308768385106e-01,-7.548022618372647319e-01,3.000129942652606796e-01,1.557340687747877928e-01,-5.186415703811654287e-01,-2.051998226327160502e-01,-7.230483949839890123e-02,5.699999999999999512e-01,1.593177045135571179e-01,-6.860594973102132621e-02,9.336238142598769774e-02
2.889403953040655004e+00,6.121709663575394043e-19,2.200000000000000011e-01,4.678448770234672899e-02,1.238648980778035563e-01,-5.846531872656214081e-03,9.911783476245162872e-01,-1.211015312733349641e-01,-1.637814659567306541e-01,5.214119659221504444e-01,-8.091896236859147384e-01,2.625689638000934245e-01,-1.169941789722335895e-01,-3.437806642555923387e-01,-2.545915451674507501e-01,7.862272408612463320e-03,5.699999999999999512e-01,1.905579443576474741e-01,-4.608997875759792556e-02,3.616749557610583476e-01
2.922547920127376742e+00,1.661611291007010519e-18,2.200000000000000011e-01,3.567997350059376460e-02,1.157059656066731501e-01,-4.159022162954530144e-03,9.926337549915742464e-01,-1.502498957091589482e-01,-1.738763977871732591e-01,4.059521951143220675e-01,-8.275591251781916347e-01,2.277046315149465205e-01,-3.444127366141241375e-01,-1.425026523463863715e-01,-3.375464826023247267e-01,1.184131201860532112e-01,5.699999999999999512e-01,2.172001135529730287e-01,-1.111863975756113426e-01,5.699999999999999512e-01
2.955130478167183217e+00,2.309944777527579436e-18,2.200000000000000011e-01,2.230364645711430463e-02,9.765466237452895271e-02,-2.189070465734348648e-03,9.949680006119437925e-01,-1.516239722785857891e-01,-1.836947389688592669e-01,2.447564411667127737e-01,-7.802339971577002542e-01,1.997920121803700988e-01,-5.794661368978902827e-01,1.019628118292361663e-01,-4.225958942246622052e-01,2.654566465145231646e-01,2.000240086426892661e-01,2.451055918388291288e-01,-1.023591217245069934e-01,5.699999999999999512e-01
2.986885122731853137e+00,2.159070027238741460e-18,2.200000000000000011e-01,9.927120024950610369e-03,6.747293345699052758e-02,-6.713752118035211077e-04,9.976714914209204865e-01,-9.373737776662932619e-02,-2.036211954325661821e-01,2.280639704098945744e-02,-6.639049363824902628e-01,1.819442084946113480e-01,-8.458614726991240396e-01,3.985308135708661714e-01,-5.039418194015319319e-01,3.319018400081330533e-01,-5.267081953947379269e-02,2.847034571298961980e-01,-2.790118987243893692e-02,5.699999999999999512e-01
3.017950368799753758e+00,1.771473069259043366e-18,2.200000000000000011e-01,5.149266214719116184e-03,3.567642089453381543e-02,-1.838268558349252248e-04,9.993501109507583191e-01,-3.632221351367616313e-02,-2.462102706815143260e-01,-2.183049605329366594e-01,-4.954505396466450384e-01,1.536574796654963659e-01,-9.598505196801818684e-01,5.164430486236811779e-01,-5.699999999999999512e-01,3.311960656079015464e-01,-2.366770592604225953e-01,3.831307529777868148e-01,1.247103395827284245e-02,5.699999999999999512e-01
3.050343035464908592e+00,9.140865023702576375e-19,2.200000000000000011e-01,-7.981598886393493882e-04,5.721753446453655724e-03,4.566950306486833464e-06,9.999833120894734417e-01,2.228382269353597345e-02,-3.025789334717711165e-01,-4.621570385747621468e-01,-2.883381435763314737e-01,1.724347985725639687e-01,-9.985949209156724793e-01,5.699999999999999512e-01,-5.699999999999999512e-01,2.893162761746960743e-01,-3.762994482801018670e-01,4.233691883152332358e-01,1.857810786888038357e-01,5.699999999999999512e-01
3.083485015810030649e+00,-2.568012253702167039e-20,2.200000000000000011e-01,1.486977358841401692e-03,2.350827527913662562e-02,3.496597489026886230e-05,-9.997225358413780461e-01,8.524568273461362311e-02,-3.627906661604506366e-01,-7.222374170665205595e-01,-1.624394119079054788e-02,1.880693498993717128e-01,-1.005512072207932261e+00,5.699999999999999512e-01,-5.699999999999999512e-01,2.030720343497796343e-01,-4.716804772375840504e-01,4.631635908429217463e-01,4.098965378097073065e-01,1.603499643259165830e-01
3.116503147761169323e+00,-1.272839366418862282e-18,2.200000000000000011e-01,3.279518710795070735e-03,5.641938003224818143e-02,1.853246066319744201e-04,-9.984017547904213696e-01,1.692382675699836414e-01,-4.222568000263877686e-01,-1.027200519818381785e+00,3.590799831028854694e-01,2.237052070101116508e-01,-9.903343884870893232e-01,5.699999999999999512e-01,-5.699999999999999512e-01,1.012807548412299752e-01,-5.301355246943008082e-01,4.961977762123144231e-01,5.104850135760310437e-01,-1.416557856344593525e-01
3.149436548671749492e+00,-2.970974985236086533e-18,2.200000000000000011e-01,8.818236310870197769e-03,9.411462842544253415e-02,8.336581852846219887e-04,-9.955219638153327555e-01,2.589791578203129996e-01,-4.839922719554859976e-01,-1.319938549697234897e+00,5.699999999999999512e-01,2.915663062935719974e-01,-7.873318554438317740e-01,4.903497670570798883e-01,-5.699999999999999512e-01,-8.334225223825469236e-03,-5.300096623046034461e-01,5.099870262706153179e-01,5.057052093125837811e-01,-3.572566102485659756e-01
3.182348665629066264e+00,-4.878704662879894598e-18,2.200000000000000011e-01,2.138300891942224516e-02,1.336832119013443287e-01,2.885123604577364154e-03,-9.907892015192124591e-01,3.478246913009849783e-01,-5.132063274585222379e-01,-1.461836148301223881e+00,5.699999999999999512e-01,3.890562447489284148e-01,-4.315624544481749814e-01,1.211419406390387282e-01,-5.699999999999999512e-01,-1.300014697839687317e-01,-4.570102734719261317e-01,5.188982686753734752e-01,4.384845495121841852e-01,-4.958811317881239300e-01
3.213766208570548510e+00,-6.592619270165746188e-18,2.200000000000000011e-01,3.667942375610955263e-02,1.672210563841922404e-01,6.225603687891587135e-03,-9.852172247953219220e-01,4.263668836408452401e-01,-4.998460965216968144e-01,-1.467526890221061864e+00,5.699999999999999512e-01,4.645547039072624451e-01,-1.810840108948964244e-01,-5.573831987774794522e-02,-5.699999999999999512e-01,-2.633592459759885873e-01,-3.315987842884182690e-01,5.049030318598727307e-01,2.854129534465046358e-01,-5.416317187863549654e-01
3.243787367659388021e+00,-7.723005797034556826e-18,2.200000000000000011e-01,5.058294733806206755e-02,1.890762041943310212e-01,9.753142838917108759e-03,-9.806102338089390802e-01,5.025813685706471690e-01,-4.362348188655484904e-01,-1.416627752541323559e+00,5.699999999999999512e-01,5.132459950165573215e-01,-8.234282226068458110e-03,-1.077159417953591491e-01,-4.999875727209289744e-01,-3.999099623167399753e-01,-1.666561926776525260e-01,4.680967454024217989e-01,7.333624856775962375e-02,-5.006977491629492905e-01
3.274414178762737659e+00,-8.867997846789874305e-18,2.200000000000000011e-01,6.536028027844642541e-02,2.048923339722072690e-01,1.371405258024488427e-02,-9.765035022994903446e-01,5.953878819688607216e-01,-4.305340608249004219e-01,-1.291114791107291992e+00,5.699999999999999512e-01,5.266307743218664461e-01,8.121188328772854792e-02,-6.697572099414751678e-02,-4.175372735741583186e-01,-5.132139936439170658e-01,1.720814046529133348e-02,4.141836688577135717e-01,-1.676181306637685164e-01,-3.875410909329589648e-01
3.306073223277609330e+00,-9.914363693749934738e-18,2.200000000000000011e-01,8.354945164176941219e-02,2.124596937901199745e-01,1.823558012863302213e-02,-9.734206856556626430e-01,6.907081495671981708e-01,-3.396345752700460352e-01,-1.029658779133112878e+00,4.918246685386449824e-01,5.189622293409286158e-01,9.366938669010889396e-02,3.966238186585330228e-02,-3.511495320952802146e-01,-6.047293251557880334e-01,2.079595763590363355e-01,3.606784874644357042e-01,-3.766104523042614338e-01,-2.519037528211372501e-01
3.340626036953098676e+00,-1.030639565623274132e-17,2.200000000000000011e-01,9.927633075657349426e-02,2.065860300839837127e-01,2.107495090645070124e-02,-9.731506917070663620e-01,7.505440623164633118e-01,-2.483587097045941716e-01,-8.691769564520027691e-01,3.877134893518671133e-01,4.950068813270881440e-01,6.422271458994727178e-02,1.444096848958539014e-01,-2.998691695343928543e-01,-6.501938326419041125e-01,3.661249886816574928e-01,3.185788123816341577e-01,-5.217887035685561115e-01,-1.358589365084187095e-01
3.377092435534075232e+00,-9.851888598428313088e-18,2.200000000000000011e-01,1.098426165397907162e-01,1.850856310148409345e-01,2.082291189496134065e-02,-9.763423145207552611e-01,7.536955880227678151e-01,-1.630267330380358037e-01,-7.237321148318559549e-01,3.827310118781175885e-01,4.889999421520310197e-01,5.457139857561333490e-02,1.686636604510083071e-01,-2.759122676944910091e-01,-6.676829159868589159e-01,5.020711217950114547e-01,2.858972714733125642e-01,-6.103680716035183584e-01,-6.917292429088052474e-02
3.414182517388611782e+00,-8.993918988406500628e-18,2.200000000000000011e-01,1.193467382423354373e-01,1.514440400511690155e-01,1.842326137224474525e-02,-9.810614874941863128e-01,7.244390960845249472e-01,-8.889777341148308309e-02,-6.484601141373674826e-01,4.901791637563004400e-01,5.182809034803410597e-01,2.264447568983156064e-02,1.915168751383876933e-01,-2.362790352641962188e-01,-6.711190048155252219e-01,5.699999999999999512e-01,2.530237548320343755e-01,-6.794090856365891939e-01,-2.657895064046754061e-02
3.451102065141900432e+00,-8.163205259096092362e-18,2.200000000000000011e-01,1.280472304334381306e-01,1.093254495658589898e-01,1.420303661836672809e-02,-9.856216954827883292e-01,6.800936024720269923e-01,-1.769620134041945819e-02,-6.351577321376048468e-01,5.699999999999999512e-01,5.564445268689826030e-01,4.501115603275803595e-02,1.322370739951592988e-01,-1.913073888470628592e-01,-6.382379098202844991e-01,5.699999999999999512e-01,2.245775380915075725e-01,-7.082522326828655235e-01,-4.881609311068049739e-02
3.488019776922113291e+00,-7.542024850509926822e-18,2.200000000000000011e-01,1.320314746475696188e-01,6.312083667865280023e-02,8.424944303996493092e-03,-9.891978922302906430e-01,6.187617455741625250e-01,3.989969633789087339e-02,-5.903641804368745527e-01,5.699999999999999512e-01,5.699999999999999512e-01,1.092847321439177066e-01,3.166409750468580919e-02,-2.079572957171161030e-01,-4.173030263088061131e-01,4.489732477055394799e-01,2.097898417412701333e-01,-7.140656186965343988e-01,-6.127269530531199299e-02
3.525013792029382920e+00,-7.077727515241483093e-18,2.200000000000000011e-01,1.322244116877140940e-01,1.505109624192012448e-02,2.007986407315152759e-03,-9.911034948209710427e-01,5.296316426922751397e-01,8.346835858462706148e-02,-4.443673545967345984e-01,5.699999999999999512e-01,5.699999999999999512e-01,1.838397337131724985e-01,-9.976765934125095270e-02,-2.095315092931868961e-01,-1.946222487301384474e-01,1.254389130289547405e-01,2.187610728355487144e-01,-7.143127645145938009e-01,-3.194959723020601716e-02
3.560922604232740873e+00,-6.285130885465346857e-18,2.200000000000000011e-01,1.223090033136894489e-01,-2.743661044989917364e-02,-3.382442094306394118e-03,-9.921069998749686425e-01,4.266437647518960263e-01,9.569426495707178404e-02,-2.291421134762521572e-01,4.030845785412912607e-01,5.699999999999999512e-01,2.638412906887661613e-01,-2.475982701572363442e-01,-2.186150534824201908e-01,7.207835775968778058e-03,-3.439961051089305416e-02,2.343268608652305518e-01,-7.313111750275280709e-01,8.231195529522564169e-02
3.596194711486188744e+00,-5.033461965713924416e-18,2.200000000000000011e-01,8.848468274326748428e-02,-6.389390801069513848e-02,-5.687702089027524277e-03,-9.940098990874741691e-01,2.936977177865191524e-01,7.380181808752547812e-02,5.725182143206337948e-02,1.202639220234157230e-01,5.699999999999999512e-01,3.698805683670682853e-01,-4.063151868285568291e-01,-2.428415019018928811e-01,1.178316990691169047e-01,-1.304240829052842089e-02,2.024923768227617216e-01,-7.699235475340171497e-01,3.002197288183549584e-01
3.629322891854680488e+00,-3.393411859422086529e-18,2.200000000000000011e-01,4.971566264487108089e-02,-1.017707850401046582e-01,-5.092439216025048364e-03,-9.935517738210390970e-01,1.296883906831877153e-01,3.884403058927853730e-02,3.242019328751463703e-01,-1.354200676241487378e-01,5.699999999999999512e-01,4.591830919506698083e-01,-5.514181311262821295e-01,-2.629418444500931096e-01,1.283343463388914585e-01,1.192980784145132173e-01,1.808882551392861915e-01,-6.217822024888194354e-01,1.064989523982834002e-01
3.660415640697177508e+00,-1.650681420616087773e-18,2.200000000000000011e-01,1.318104689273974506e-02,-1.362505544802770086e-01,-1.812994180695443047e-03,-9.905850591739859823e-01,-4.188332341974199124e-02,-6.816015582748333884e-03,5.402484160368343780e-01,-3.624179984721264680e-01,5.386999476111365981e-01,5.154019017664849267e-01,-6.562686355835792851e-01,-2.658903693125593271e-01,6.419999302339504665e-02,3.240646989268518019e-01,1.523604358353927990e-01,-5.470905191743465901e-01,-1.258020595361843694e-03
3.692488121403487700e+00,-6.794358833401433608e-19,2.200000000000000011e-01,1.328333471257364673e-02,1.481957750638981386e-01,-1.990696854775098057e-03,9.888668274333792807e-01,-1.378255627651144843e-01,-4.278441374024815474e-02,6.776225153485337938e-01,-5.484193961413508234e-01,4.578644145592155601e-01,4.583461425977622961e-01,-6.820725987758877729e-01,-2.546939919107099604e-01,-5.957759469289734128e-02,5.699999999999999512e-01,1.394359293802774069e-01,-3.647718520443871681e-01,-6.277914168426068642e-02
3.723821428983389303e+00,-3.049730494918127786e-19,2.200000000000000011e-01,3.374634645897961471e-02,1.422088249753157008e-01,-4.851181574068080815e-03,9.892493620099768181e-01,-1.543902883287268935e-01,-7.416905052201452908e-02,6.775631504640942104e-01,-6.701056395195803539e-01,3.572842655253518629e-01,2.689168764111466992e-01,-6.128349993590666012e-01,-2.434264091936343966e-01,-1.031782622104239905e-01,5.699999999999999512e-01,1.304467262748457423e-01,-1.817615364515677567e-01,-2.849521329261597499e-02
3.754481383758011326e+00,-3.918981314504228028e-19,2.200000000000000011e-01,4.615111303481800320e-02,1.208692954689524757e-01,-5.625625549337334719e-03,9.915790641777715297e-01,-1.070410527433124093e-01,-9.195576338665571725e-02,5.645539506208431257e-01,-7.274380316529152068e-01,2.628583541122287981e-01,5.386776357518349581e-04,-4.646118270907904635e-01,-2.489578613759336201e-01,-6.476592704021866265e-02,5.699999999999999512e-01,1.302484252036061052e-01,-5.109189610729181902e-02,1.182727349333281830e-01
3.785906069279937114e+00,-2.315808388766245536e-19,2.200000000000000011e-01,4.299623755494469401e-02,1.021015001736915451e-01,-4.417214509917805065e-03,9.938345412765516862e-01,-7.276838568061985701e-02,-8.683571902816633603e-02,4.028640577613140650e-01,-7.255109676764592841e-01,2.059607623439123902e-01,-2.697273054367002598e-01,-2.625781457093404603e-01,-2.663689192582512355e-01,-6.050040373079043805e-03,5.699999999999999512e-01,1.539169046233737070e-01,-1.096622737319519550e-02,3.719535429086642808e-01
3.817948987596805566e+00,4.012252318845181792e-19,2.200000000000000011e-01,3.607476895391614757e-02,8.905171305594067332e-02,-3.227468747040274089e-03,9.953682669706780395e-01,-7.938183807100616940e-02,-8.270575689458388446e-02,2.445528645439324356e-01,-6.784715371648099014e-01,1.555206441647986326e-01,-4.966621506996061752e-01,-2.755526388652972114e-02,-3.218523777162954347e-01,8.403805878888630232e-02,5.699999999999999512e-01,1.836277499040614714e-01,-4.191859845385371985e-02,5.699999999999999512e-01
3.849623835408472861e+00,9.941667807949855355e-19,2.200000000000000011e-01,2.702750277689614303e-02,7.474895822559328440e-02,-2.026694213994172534e-03,9.968339881085498400e-01,-8.960285123091302206e-02,-8.840258644308714164e-02,6.445765249769072613e-02,-5.829235123951216346e-01,1.291563273240219911e-01,-6.956027501204904429e-01,2.315923314531082577e-01,-3.811030913627078132e-01,2.256803868846261607e-01,4.157257578118841446e-01,2.137963822215952492e-01,-2.543972533900923372e-02,5.699999999999999512e-01
3.879807222836678893e+00,9.606924038850151506e-19,2.200000000000000011e-01,1.706296933949597028e-02,5.009594623883720232e-02,-8.559854493229053507e-04,9.985982768544443555e-01,-5.565009414804147209e-02,-1.121226492266506197e-01,-1.607687800925118871e-01,-4.319076950154515648e-01,1.455317749649641945e-01,-8.622056953478123287e-01,4.681008029198992504e-01,-4.455073071411065899e-01,3.239704406012824389e-01,8.388919708662855024e-02,2.583787853742284812e-01,3.794650131254860559e-02,5.699999999999999512e-01
3.909565842451490969e+00,5.369738002493011689e-19,2.200000000000000011e-01,1.566479113419172453e-02,2.157761935961971522e-02,-3.381291425676308249e-04,9.996443899358293805e-01,-1.399703131081946918e-02,-1.766422723667245565e-01,-3.977674376850919291e-01,-2.434064988370081561e-01,1.725016508706076201e-01,-9.014167481847989993e-01,5.405517129471048010e-01,-5.194412061169271233e-01,3.274661389984874771e-01,-1.412310241424505064e-01,3.204216688938569813e-01,1.810871962859570139e-01,5.699999999999999512e-01
3.939710744880437598e+00,-2.144916193564194285e-19,2.200000000000000011e-01,1.331743870187973577e-02,-4.683000789890747959e-03,6.237179126214031227e-05,9.999003507549055758e-01,2.645392469673076355e-02,-2.530609032741777953e-01,-6.420640381718134559e-01,-5.438721885960357688e-03,2.196466463983637318e-01,-8.847091022144343286e-01,5.699999999999999512e-01,-5.699999999999999512e-01,2.610144744356887592e-01,-2.988531286534078513e-01,3.995546995725851591e-01,3.856021317474748744e-01,2.211015003195852813e-01
3.969444447305438661e+00,-1.356806957635634698e-18,2.200000000000000011e-01,9.761651338079215326e-03,-3.188677482588542916e-02,3.114408112787938319e-04,9.994437686828500089e-01,7.850378529864096566e-02,-3.393162150769184482e-01,-9.201401609041293117e-01,3.003135510048065560e-01,2.806759720365842870e-01,-7.686979295222435837e-01,4.780713010022173970e-01,-5.699999999999999512e-01,1.325472861913590816e-01,-3.729475854891946551e-01,4.352380778892561142e-01,5.238031145727671811e-01,-1.340141000668982063e-01
3.999334244218451406e+00,-2.864396068860994204e-18,2.200000000000000011e-01,6.688317432762158621e-03,-6.260103587741182307e-02,4.195278873124035079e-04,9.980161324915270971e-01,1.435139223518509533e-01,-4.303654668175742604e-01,-1.220132489327464542e+00,5.699999999999999512e-01,3.561458704716054524e-01,-4.793407749763763381e-01,1.728352644924140147e-01,-5.699999999999999512e-01,-1.860056303201019969e-03,-3.936637068411606433e-01,4.731853557653196152e-01,5.402339502203030719e-01,-3.870111348612195190e-01
4.029821505782503088e+00,-4.305536223387517315e-18,2.200000000000000011e-01,-1.408745956842372138e-03,9.200740666595313977e-02,-1.301673207373191254e-04,-9.957573176280973826e-01,2.081648074182583519e-01,-4.920693540336161242e-01,-1.394105765138071940e+00,5.699999999999999512e-01,4.357298394964301824e-01,-1.863950682497574340e-01,-6.254599258513875160e-02,-5.699999999999999512e-01,-1.449473386619636039e-01,-3.321210431451856460e-01,5.013735496371286571e-01,4.591436658053199005e-01,-5.400285818206417288e-01
4.059615109217334705e+00,-5.860291702452023803e-18,2.200000000000000011e-01,8.964759691559909260e-03,1.198555933506101068e-01,1.082323142734410715e-03,-9.927502699082285664e-01,2.962982907693368362e-01,-5.072068724187153155e-01,-1.439490850967706237e+00,5.699999999999999512e-01,4.955209265138638686e-01,-1.280420478649883786e-02,-1.366544575384426030e-01,-5.672930253126982070e-01,-3.076396595436692860e-01,-1.808111899949631229e-01,4.954508332665714110e-01,3.021925220625215625e-01,-6.165101595457500583e-01
4.089047071060157634e+00,-7.046810430348686949e-18,2.200000000000000011e-01,2.019033595395058889e-02,1.388436738985870944e-01,2.831317946203171232e-03,-9.901044228722024609e-01,3.855335364439491097e-01,-4.616766347674481907e-01,-1.407394853164791959e+00,5.699999999999999512e-01,5.368827073962972873e-01,8.649562609011290926e-02,-1.140771551451102983e-01,-4.959696452179545023e-01,-4.658025189929427268e-01,1.723890838460565705e-02,4.728334265413763893e-01,6.861396820613782643e-02,-6.037067419396562329e-01
4.119430645320148798e+00,-8.263756011352274452e-18,2.200000000000000011e-01,3.695091134932809024e-02,1.517254023022064080e-01,5.676120464253988328e-03,-9.877154519916973019e-01,4.777581747555325609e-01,-4.389097610440922947e-01,-1.301299478167202928e+00,5.699999999999999512e-01,5.527242224704154161e-01,1.390735641697894154e-01,-4.247660234395585904e-02,-4.232778008886006749e-01,-5.837073037616808957e-01,2.169138657291191097e-01,4.519682260224394676e-01,-1.398215190241864359e-01,-5.327685984476306924e-01
4.150519881916626908e+00,-9.512701060856581835e-18,2.200000000000000011e-01,5.302378059829354617e-02,1.581439403394954701e-01,8.504842793290987024e-03,-9.859546847974421935e-01,5.584469664995984628e-01,-3.545292224222088562e-01,-1.054253182176642767e+00,5.412857138214269836e-01,5.469691631601507620e-01,1.464102453593342512e-01,5.515458220155104035e-02,-3.431420216916068466e-01,-6.544460801639683245e-01,4.000396985117620763e-01,3.993384945104317962e-01,-3.306399591996632137e-01,-3.974454937839048685e-01
4.183368666535224101e+00,-1.024331899706283666e-17,2.200000000000000011e-01,6.903518526774798936e-02,1.508474107130003683e-01,1.056070955304228010e-02,-9.860870515780884027e-01,6.132952445566730582e-01,-2.651683109812852379e-01,-8.741224706721835158e-01,3.815349557255812152e-01,5.221690111884164098e-01,1.375119808271349497e-01,9.720557848159665226e-02,-3.021201396251329552e-01,-6.735228147349827665e-01,5.372763966612831288e-01,3.124504416495719195e-01,-4.837758178225325945e-01,-2.325249502156297721e-01
4.217125656638205378e+00,-1.038440253810779141e-17,2.200000000000000011e-01,8.241376893634139167e-02,1.278458677248436870e-01,1.066092324571903810e-02,-9.883065058527835678e-01,6.274429714834502958e-01,-1.764567675047774564e-01,-7.482091846583798223e-01,3.594826353296997068e-01,5.192924154187260610e-01,7.050095933134864490e-02,1.376753040979478704e-01,-2.520609160725576503e-01,-6.582597550385278495e-01,5.699999999999999512e-01,2.645473134666230242e-01,-5.944405873323446166e-01,-9.706741768723523012e-02
4.251084071449696467e+00,-1.056287063976895694e-17,2.200000000000000011e-01,9.238665098156213784e-02,1.018831353505514764e-01,9.503384516352403680e-03,-9.904515228592900566e-01,6.370905463104058475e-01,-1.022004869310493558e-01,-6.694495247429513851e-01,4.086179308417297595e-01,5.385116824506962496e-01,2.009526817382905478e-02,1.212342792840987865e-01,-2.221109017337082325e-01,-5.064288294547703018e-01,5.100595375712737578e-01,2.419960363978577444e-01,-6.810781374025993706e-01,1.620193462820756353e-02
4.285739427718518790e+00,-1.054998035372398714e-17,2.200000000000000011e-01,9.482320651801878775e-02,6.489513324072346268e-02,6.194713994631707854e-03,-9.933573408929108339e-01,6.154784981184767689e-01,-4.003509322319120933e-02,-6.432389901760121598e-01,5.221953585175939105e-01,5.545594939613640584e-01,2.905718177266828489e-02,3.369690411486848253e-02,-2.504661978955107782e-01,-2.878998859450603853e-01,1.693691495883857534e-01,2.400449088949965781e-01,-7.327807082934975069e-01,2.833259426170050416e-02
4.321144587853170904e+00,-1.016099937723801092e-17,2.200000000000000011e-01,8.939304242635004449e-02,2.301034229835155487e-02,2.065788630460427613e-03,-9.957284472336862535e-01,5.620918805757373349e-01,2.920254236900378386e-03,-6.266478428950500446e-01,5.699999999999999512e-01,5.593529643207264535e-01,5.526863865225532801e-02,-6.165617800564656553e-02,-2.379466231639477680e-01,-8.737045471809520847e-02,-1.021669843758373081e-01,2.315740786242053983e-01,-7.352432799209092096e-01,4.123137001005784674e-02
4.355907471562466604e+00,-9.549512696030373380e-18,2.200000000000000011e-01,5.876013218290521145e-02,-8.918300222710600494e-03,-5.249685630038559980e-04,-9.982321549594528332e-01,4.905799475643154439e-01,-9.112675946802331617e-03,-5.049184790297176484e-01,5.699999999999999512e-01,5.314978997428060348e-01,9.397244165216181444e-02,-1.968812560588968086e-01,-2.683176023574628255e-01,9.944945050147532828e-02,-2.105615162490628023e-01,1.689272215707149083e-01,-7.141487719851798976e-01,1.356228524641020228e-01
4.388126363419916132e+00,-8.307459434658700936e-18,2.200000000000000011e-01,9.812175675820822285e-03,-4.288859763889576321e-02,-4.212383872241390326e-04,-9.990315870678448951e-01,3.609904685562273507e-01,-6.595052458822082964e-02,-2.800981187298104413e-01,3.782550069299012163e-01,4.687994961148927997e-01,1.677197173772179417e-01,-3.450574145951485483e-01,-3.063815746963051145e-01,2.170484520713870658e-01,-1.945973619152231993e-01,1.066282983273263291e-01,-6.561034829064231744e-01,1.165548943327579662e-01
4.417444597267754069e+00,-6.648157954369480592e-18,2.200000000000000011e-01,4.626246950960122284e-02,7.510628703021074437e-02,-3.488221344237103783e-03,9.960957091942834740e-01,1.811877038847030386e-01,-1.487762859718387010e-01,3.946243804065096422e-02,6.740082199634053750e-02,3.733792476389872217e-01,2.654274076645571356e-01,-4.919199974154068733e-01,-3.425906589113861811e-01,2.332976238848878392e-01,-7.570574274239698365e-02,9.595762213663876217e-02,-5.658166982593866301e-01,-6.542331788917382651e-02
4.445017333516308788e+00,-4.833386491917290790e-18,2.200000000000000011e-01,8.718561913086193826e-02,1.020003351054670077e-01,-8.974488710979134157e-03,9.909157673624521268e-01,-1.246098489761530113e-02,-2.190059678818589428e-01,3.519344799042963268e-01,-2.142030161154412915e-01,2.816232793186419503e-01,3.176636260748997853e-01,-5.808735419072733608e-01,-3.425606208840752398e-01,1.750348428251739530e-01,1.250747069203811124e-01,6.719164031168756157e-02,-4.633739974740713752e-01,-1.632180137229040928e-01
4.473380355584744450e+00,-3.507781007095560368e-18,2.200000000000000011e-01,1.102346950216188254e-01,1.172185354888088393e-01,-1.309330341527934795e-02,9.868823092735146130e-01,-1.270833789352870669e-01,-2.613405847802440785e-01,5.187341296435101778e-01,-4.100140814918713517e-01,1.967389792317552899e-01,2.067403457757213403e-01,-5.609551118882485365e-01,-3.271711210155812122e-01,6.932985785401116208e-02,4.266964733254031694e-01,7.226116179764857650e-02,-3.561668681195010455e-01,-2.139609802927372739e-01
4.499785910014235668e+00,-2.975337124583115179e-18,2.200000000000000011e-01,1.272775285866671324e-01,1.110109543823105671e-01,-1.433663592210658588e-02,9.855310546068224431e-01,-1.409933905136222521e-01,-2.813064451592943715e-01,5.559378606660722033e-01,-5.459720458795380704e-01,1.201976122926222135e-01,-2.115869249932376267e-02,-4.352661721813453899e-01,-3.146291099812071335e-01,-3.680074708842103609e-02,5.699999999999999512e-01,4.691430770999762551e-02,-2.011096789760342674e-01,-2.005500245403562531e-01
4.526185026456868599e+00,-2.880294620878870185e-18,2.200000000000000011e-01,1.353120418041678374e-01,8.945752413921329027e-02,-1.226809075314781033e-02,9.866800376347653057e-01,-9.915098389715530647e-02,-2.831457373717118364e-01,5.033913962416125543e-01,-6.345854278642441004e-01,5.483700917923537560e-02,-2.892726116449046980e-01,-2.433664076679023236e-01,-3.019871503171031590e-01,-5.433952694564343766e-02,5.699999999999999512e-01,5.405811521627054000e-02,-3.366323781412500910e-02,-1.081430570782876133e-01
4.553741985145340898e+00,-2.379185324631645311e-18,2.200000000000000011e-01,1.248789937901515490e-01,7.623871645939755970e-02,-9.624639991500004432e-03,9.891917212187013586e-01,-8.352521528749108637e-02,-2.649454976857538169e-01,3.999097281204804233e-01,-6.706830608704276164e-01,2.437981171185819168e-02,-5.486978298448326186e-01,-6.113588588890773697e-04,-2.855246240625339271e-01,-2.224219679629519872e-02,5.699999999999999512e-01,9.230662626095897938e-02,5.480332054351195331e-02,4.819593535999953243e-02
4.581978631600804874e+00,-1.364178827373508287e-18,2.200000000000000011e-01,1.038013036894989416e-01,6.792807694188131296e-02,-7.106093352952971495e-03,9.922502553048788698e-01,-9.644138985158509647e-02,-2.505026802427438581e-01,2.609379554898686449e-01,-6.530347971794921991e-01,1.748506799658473831e-02,-7.950198388161612284e-01,3.003584925929053684e-01,-3.002480153405068242e-01,9.087465452590429149e-02,5.699999999999999512e-01,1.381470320510335137e-01,6.175007588093286981e-02,2.862152619892567862e-01
4.609228346651282671e+00,-1.802832893337991310e-19,2.200000000000000011e-01,7.489805567133006603e-02,5.629378232185577868e-02,-4.234962715424023944e-03,9.955919628137588351e-01,-1.168249999619780100e-01,-2.342979896934350992e-01,9.189517475893581311e-02,-5.817769224319829791e-01,5.173273403102314483e-02,-1.023018431568397224e+00,5.699999999999999512e-01,-3.347353425478389877e-01,2.648594213419591115e-01,4.368815930361178435e-01,1.915160979140050068e-01,-2.515207388711707668e-04,5.699999999999999512e-01
4.635029639884232111e+00,1.892819849873855459e-19,2.200000000000000011e-01,4.528946913680981234e-02,3.207564333334034234e-02,-1.454932712935964531e-03,9.984577608796774140e-01,-8.817652046072192717e-02,-2.313612108263759237e-01,-1.337377973114981800e-01,-4.479108646062815446e-01,1.033620251124635209e-01,-1.135432816258381772e+00,5.699999999999999512e-01,-3.759300978789860692e-01,3.824374778401766761e-01,9.094819537630716155e-02,2.450999998508718580e-01,2.610440600893403507e-03,5.699999999999999512e-01
4.659605323889778994e+00,1.255210729781079983e-19,2.200000000000000011e-01,2.157615155231323856e-02,2.672026981060290386e-03,-5.766568922386302448e-05,9.997636353812198173e-01,-5.506697025030566489e-02,-2.493095943214820864e-01,-3.585141004664104680e-01,-2.724227529426677119e-01,1.601994364194342935e-01,-1.129655811713927260e+00,5.699999999999999512e-01,-4.265190195226201131e-01,3.909975512476078774e-01,-1.194264914914981157e-01,2.972393153475332284e-01,9.664273765000606919e-02,5.699999999999999512e-01
4.683825768204370910e+00,-4.375677376214030952e-19,2.200000000000000011e-01,8.834002928647444186e-03,-2.958130271234176573e-02,2.614459445946706179e-04,9.995233056653134440e-01,-1.236151681813138503e-02,-2.931055542727152297e-01,-5.776306117962062281e-01,-5.577118731822421072e-02,1.887416847796103969e-01,-1.062460406031874083e+00,5.699999999999999512e-01,-4.829003142902194567e-01,3.120082229678884933e-01,-2.372612464872797533e-01,3.498963669798894616e-01,2.616657911352364141e-01,4.882187103856138743e-01
4.709221366470854875e+00,-1.667188584282970803e-18,2.200000000000000011e-01,3.927551340474288999e-03,6.474270968871415066e-02,2.548169024358878931e-04,-9.978942283383429590e-01,5.224000983055147179e-02,-3.339223661034938506e-01,-8.361071241933604181e-01,2.320098661203445489e-01,2.583976521329688358e-01,-8.386388074148332095e-01,5.128153027951539711e-01,-5.344470860480624586e-01,1.703231610259924311e-01,-2.909012682229822344e-01,4.080619295452314055e-01,4.711120162213621176e-01,1.418645619463287377e-01
4.735993138294841920e+00,-3.334854586234194399e-18,2.200000000000000011e-01,1.817003133798961167e-02,9.992994947032721176e-02,1.825172145498918375e-03,-9.948268813751836026e-01,1.346028056006487728e-01,-3.649918203023091445e-01,-1.147234149695246508e+00,5.699999999999999512e-01,3.427135400236711593e-01,-5.327932987410981536e-01,1.388219457630294751e-01,-5.509324516411844286e-01,5.185245457315022094e-02,-3.236064266596517802e-01,4.615849128552662051e-01,5.849711061239319942e-01,-1.759238016216631839e-01
4.763101585659054393e+00,-4.962376118468748026e-18,2.200000000000000011e-01,2.475495274403471946e-02,1.317667329246875463e-01,3.291615246313939203e-03,-9.909661375032272623e-01,2.309931792558571895e-01,-4.202200747212998522e-01,-1.363715885890439905e+00,5.699999999999999512e-01,4.230680507844002958e-01,-3.100086659433637926e-01,-7.976042001754765631e-02,-5.586500751652726526e-01,-9.406919598835172813e-02,-2.990027144930188507e-01,4.816824007811853492e-01,5.369507784994825839e-01,-3.720221658366054118e-01
4.789665678727061504e+00,-6.481299800369973723e-18,2.200000000000000011e-01,3.203902948390363603e-02,1.584992763797629656e-01,5.145957277810989106e-03,-9.868257187064572999e-01,3.356447285735265074e-01,-4.736709944573511133e-01,-1.439748043242830233e+00,5.699999999999999512e-01,4.904501557638561993e-01,-1.761093889825594561e-01,-1.673648195101391234e-01,-5.503861133020940821e-01,-2.327971090218266537e-01,-2.586454456625674192e-01,4.464183081049133972e-01,3.755390054512248166e-01,-4.458525872329312523e-01
4.815062924984644610e+00,-7.720857134366058291e-18,2.200000000000000011e-01,4.268858095945038400e-02,1.786241549779239712e-01,7.757395520789689414e-03,-9.829602835968629382e-01,4.475151980624967885e-01,-4.582612321027982882e-01,-1.430984254591881832e+00,5.699999999999999512e-01,5.325770045675023434e-01,-1.045180794796949503e-01,-1.729874639302534656e-01,-5.218949611913354936e-01,-3.630933252320149296e-01,-1.886259883567591444e-01,3.776950577266209863e-01,1.475026677527618568e-01,-3.772507658995262747e-01
4.840961587546672718e+00,-9.036385483539676957e-18,2.200000000000000011e-01,5.168022715719989418e-02,1.932796115158219308e-01,1.019540908007789300e-02,-9.797286356573248201e-01,5.488424353353342777e-01,-4.855699274180153013e-01,-1.367200417666637247e+00,5.699999999999999512e-01,5.430307804067472377e-01,-3.583291465312245933e-02,-1.705696665984459959e-01,-4.921003958058025596e-01,-4.727647895251492205e-01,-1.131538607235714200e-01,3.123251251734755485e-01,-6.662518241833337296e-02,-2.179948883330655729e-01
4.867071623415880843e+00,-1.042540990839018680e-17,2.200000000000000011e-01,6.120748220913169169e-02,2.023055282956654488e-01,1.266989253206744770e-02,-9.773257344232046950e-01,6.479383318768653366e-01,-4.386437749011014020e-01,-1.232722012861303007e+00,5.699999999999999512e-01,5.392541448818727323e-01,-5.641278201445830941e-03,-1.257324431335346826e-01,-4.887623782091322644e-01,-5.589187499149605998e-01,-5.300175245997178902e-02,2.751702668671370255e-01,-2.654044476381276496e-01,5.099300615792286273e-03
4.893763476339375806e+00,-1.084328427541439619e-17,2.200000000000000011e-01,6.733008544308377585e-02,1.951396158206749054e-01,1.342924859696723039e-02,-9.783694829734355114e-01,7.101367721139356659e-01,-3.783634483964131157e-01,-1.077266670924797998e+00,4.983703897465007193e-01,5.096551580813583060e-01,-3.941404754073189742e-02,-1.374738446649878890e-03,-4.876626160314181946e-01,-6.248516920854130241e-01,-1.982600015525496848e-02,2.642979635591274912e-01,-4.403830262826141095e-01,2.404207828614132458e-01
4.922621190753523557e+00,-1.067274984248918044e-17,2.200000000000000011e-01,7.049284763276175703e-02,1.760250336344691413e-01,1.263882230793746120e-02,-9.817770653958446392e-01,7.256094681477299746e-01,-3.094227856676504129e-01,-9.701740146786222985e-01,4.623021591877360947e-01,4.823977687937013314e-01,-8.444211784435708135e-02,1.423304561030840354e-01,-4.917402606256166542e-01,-6.392607422510633297e-01,-4.173875973816085910e-02,2.577145563864699507e-01,-5.711678286366663748e-01,5.063094955398069752e-01
4.952293456587201881e+00,-1.019006549569851259e-17,2.200000000000000011e-01,7.070900742076963175e-02,1.471018668841490573e-01,1.054340025376535039e-02,-9.865343956192589303e-01,7.096639578875799659e-01,-2.424776853077807992e-01,-8.837466670682978531e-01,4.895725360721795427e-01,4.599283728049979314e-01,-1.147393744269969429e-01,2.194329982932360923e-01,-5.066359841110691375e-01,-6.295718818101421199e-01,-7.694953624344492982e-02,1.817193675033262068e-01,-6.273586894372483735e-01,5.699999999999999512e-01
4.981729238294471784e+00,-9.456684153668485039e-18,2.200000000000000011e-01,6.207633887346503121e-02,1.100614855881040105e-01,6.887587092655939047e-03,-9.919604622595840082e-01,6.626352607228307434e-01,-1.956065368310050123e-01,-8.241597594264511439e-01,5.699999999999999512e-01,4.606331248698592451e-01,-1.352910984611976897e-01,2.370023566836289564e-01,-5.289961994025158543e-01,-6.311664223829479559e-01,-7.280157402491525820e-02,1.588841766616241324e-01,-5.990105668278733475e-01,5.699999999999999512e-01
5.010393157535999009e+00,-8.984633024500625350e-18,2.200000000000000011e-01,4.753037059536491249e-02,6.991148013841687325e-02,3.334875300713725788e-03,-9.964146362948769209e-01,6.133374723406482820e-01,-1.667232189417786337e-01,-7.917124484536208762e-01,5.699999999999999512e-01,4.598699555826909480e-01,-9.949556223988581527e-02,1.460603303850002144e-01,-5.346308538450766923e-01,-6.416402911271873455e-01,-2.542952383174716322e-02,1.522385581298963675e-01,-4.198753626810101114e-01,4.818498022176078144e-01
5.039154866198758853e+00,-8.707675430990490297e-18,2.200000000000000011e-01,2.867435081770148067e-02,3.125484539457770022e-02,8.970200331487652003e-04,-9.990996504851779036e-01,5.583084804433402493e-01,-1.546093074773698117e-01,-7.389524684210797556e-01,5.699999999999999512e-01,4.464682565169996176e-01,-1.755127858298345667e-02,8.783208224927074176e-03,-5.260965137232075373e-01,-6.398376809585551994e-01,4.470000484392346735e-02,1.650603337722852393e-01,-2.434939450446904352e-01,1.856125636153716785e-01
5.068026441946776650e+00,-8.313443850088903476e-18,2.200000000000000011e-01,2.890486142339377187e-02,-8.450480738036019249e-03,-2.443708172760271206e-04,-9.995464164531301376e-01,4.731789514923327999e-01,-1.208777804424258501e-01,-5.983548317241874637e-01,5.699999999999999512e-01,4.641502368963974501e-01,8.814225531721540940e-02,-1.581848836345844667e-01,-4.764672141812913431e-01,-6.250382691552449632e-01,1.239584985159932762e-01,2.029791510825308398e-01,-9.222143963629772512e-02,-1.437779715514748285e-02
5.095619796335637552e+00,-7.864406078149879609e-18,2.200000000000000011e-01,4.154450870450943079e-02,-4.074798993088624144e-02,-1.695731264819259204e-03,-9.983039515140521569e-01,3.840311565918384518e-01,-7.824692973439308086e-02,-3.831890923974298202e-01,3.899289352604534131e-01,5.027744656685090296e-01,1.841736151283832890e-01,-3.267652710618258460e-01,-4.597533833446587059e-01,-4.841999527675505122e-01,-1.699804676177177343e-02,2.622263032331376698e-01,3.000005688246757535e-02,-1.182365434992577874e-01
5.122277418166722995e+00,-7.156202221805152678e-18,2.200000000000000011e-01,6.736094666310898926e-02,-6.954155417650556559e-02,-4.706547702979756165e-03,-9.952910747696301907e-01,2.766563736322946165e-01,-2.995740833335918188e-02,-1.037966422646432740e-01,6.359694782282843128e-02,5.649756431424179937e-01,2.652532176267014541e-01,-4.615346463018280554e-01,-4.494565541875825132e-01,-3.446441306267525317e-01,-1.985047540233816077e-01,3.369351359925620293e-01,1.273863146629871101e-01,-1.384485991748499734e-01
