0.000000000000000000e+00,0.000000000000000000e+00,2.200000000000000011e-01,7.594142929580827150e-03,-1.757159845417022581e-01,-1.355544317572399127e-03,-9.844106786648083585e-01,0.000000000000000000e+00,-1.704421342823197738e-01,1.559308250349570879e-01,-4.184253286120774851e-01,3.640617116376769213e-01,-1.612684522313402313e-01,-3.405389602679526617e-01,-1.712000151755736221e-01,-1.237334759951570495e-01,5.699999999999999512e-01,2.829177748233819290e-01,-2.060285751596356296e-01,-7.874039496747954614e-02
3.590992039871196417e-02,-3.162274510839087934e-19,2.200000000000000011e-01,1.744235886713008110e-02,1.642894252387849530e-01,-2.905535556089258731e-03,9.862536726091275519e-01,0.000000000000000000e+00,-2.394705130183283071e-01,9.804359716803000280e-02,-4.683075292760852659e-01,2.905264173897139646e-01,-3.283032831235505600e-01,-2.446219836036722661e-01,-1.836888535200575101e-01,-9.762424313835234291e-02,5.699999999999999512e-01,2.572554111806522048e-01,-5.015270344908086264e-02,3.900834928475482161e-02
7.108553146273834111e-02,-3.836583170820633831e-19,2.200000000000000011e-01,3.123195087844482520e-02,1.475861476675594530e-01,-4.662816024244856306e-03,9.885449673169652840e-01,0.000000000000000000e+00,-2.870353098863405727e-01,4.142595433720715897e-02,-5.067952305384734180e-01,2.340570806281158933e-01,-5.113934748037277656e-01,-1.061617455910972008e-01,-2.502018577323987802e-01,-3.629905411841708590e-02,5.699999999999999512e-01,2.395575536040672748e-01,4.547005312865565717e-03,2.898517493147799162e-01
1.066848941788117594e-01,4.945507974691362027e-20,2.200000000000000011e-01,4.044420939579795871e-02,1.341476100459038645e-01,-5.479629885272632728e-03,9.901205271590127754e-01,0.000000000000000000e+00,-3.271001298941634272e-01,-4.285514496082267616e-02,-5.232980274429368528e-01,1.883556782363311199e-01,-7.214696599178624936e-01,7.230358922153423684e-02,-3.398177633028087730e-01,3.571158569048701881e-02,5.699999999999999512e-01,2.301607103502943119e-01,-6.342050214914965456e-02,5.699999999999999512e-01
1.417004174536839467e-01,4.796675971590797509e-19,2.200000000000000011e-01,4.383147653016361556e-02,1.166067046257311529e-01,-5.151238486337708644e-03,9.921971290240514385e-01,0.000000000000000000e+00,-3.573719509727378840e-01,-1.401729854888645599e-01,-5.136696070567206007e-01,1.528946698021710904e-01,-9.286561166804121470e-01,2.879834499597735409e-01,-4.352479398525169740e-01,2.009556203033484867e-01,4.860383305688726896e-01,2.300456625144186029e-01,-6.144728812792090572e-02,5.699999999999999512e-01
1.759186075030055585e-01,8.228141164882181853e-19,2.200000000000000011e-01,4.350128175524797802e-02,9.502916856986902416e-02,-4.156690644542465618e-03,9.945148654140146816e-01,0.000000000000000000e+00,-3.819407391436245858e-01,-2.598411164245086336e-01,-4.612637136434510898e-01,1.370629139510494698e-01,-1.134277272059787567e+00,5.510283712680886792e-01,-5.408960664874400415e-01,3.701571169831635033e-01,5.023871042078605770e-02,2.356305899755294087e-01,-2.088610701394915184e-02,5.699999999999999512e-01
2.099030849863299797e-01,9.593906835302162833e-19,2.200000000000000011e-01,4.320080756471145200e-02,7.220474029110177105e-02,-3.130419592915496818e-03,9.964488778549673853e-01,0.000000000000000000e+00,-4.165950528490195981e-01,-4.059686652558052167e-01,-3.673705708890451782e-01,1.323412538821489293e-01,-1.239361076403018735e+00,5.699999999999999512e-01,-5.699999999999999512e-01,4.251603264508205249e-01,-2.360382919202259899e-01,2.704234207717322591e-01,5.334899934415745365e-02,5.699999999999999512e-01
2.435278311619077929e-01,3.952357437313843207e-19,2.200000000000000011e-01,3.993647283383889440e-02,4.536171573322142492e-02,-1.814907526926978982e-03,9.981703757345231631e-01,0.000000000000000000e+00,-4.527413188918228970e-01,-5.753212160407004117e-01,-2.164153880901864002e-01,1.481526234153889010e-01,-1.230245335355897751e+00,5.699999999999999512e-01,-5.699999999999999512e-01,4.346932489694559365e-01,-4.755095594919080959e-01,3.346632520925808540e-01,1.898048362471887462e-01,5.699999999999999512e-01
2.774625595544466528e-01,-5.924708996088597086e-19,2.200000000000000011e-01,3.136827967301508702e-02,1.600172053079028725e-02,-5.022580108480527092e-04,9.993796694486538623e-01,0.000000000000000000e+00,-4.722096412187795078e-01,-7.568125744537165245e-01,-4.411821257611529996e-03,1.876001577024541955e-01,-1.122294707903108701e+00,5.699999999999999512e-01,-5.699999999999999512e-01,3.564780260691653435e-01,-6.237432099729752766e-01,4.229643707170325784e-01,4.195720172671926207e-01,4.694925067936409624e-01
3.110835649420676252e-01,-2.019159905271916850e-18,2.200000000000000011e-01,1.520335344132045692e-02,-1.851356356108085910e-02,2.815490626920381088e-04,9.997129721767811228e-01,0.000000000000000000e+00,-4.664516716323978129e-01,-9.502174046699536358e-01,2.944267462636248056e-01,2.484240198715725600e-01,-9.206802189306089179e-01,5.699999999999999512e-01,-5.699999999999999512e-01,2.415259378877531726e-01,-7.033010993227191143e-01,5.316328731114314810e-01,6.671867771052956142e-01,2.804206276169392276e-02
3.435831820503540412e-01,-3.921001290615128419e-18,2.200000000000000011e-01,4.406084525935272111e-03,6.082489278191102744e-02,2.684993791520866313e-04,-9.981386911373102411e-01,0.000000000000000000e+00,-4.395658633524293091e-01,-1.113740607587742293e+00,5.699999999999999512e-01,3.434926307125271139e-01,-4.925383498283614769e-01,2.800655887049462445e-01,-5.699999999999999512e-01,8.408907898949795345e-02,-6.835358253113179572e-01,5.699999999999999512e-01,8.347765894760296179e-01,-3.135877800059072018e-01
3.775889041177651895e-01,-6.042167430833062342e-18,2.200000000000000011e-01,2.919638423942749750e-02,1.057165030367118730e-01,3.105287035800256834e-03,-9.939627504717960527e-01,0.000000000000000000e+00,-3.875034222140316120e-01,-1.107465557109882370e+00,5.699999999999999512e-01,4.718485620250642554e-01,-1.818177280985166719e-02,-1.105362217833328609e-01,-5.699999999999999512e-01,-6.466452316156764968e-02,-5.934136988198001061e-01,5.699999999999999512e-01,8.769704326090514979e-01,-5.311022804220001392e-01
4.103755426681732210e-01,-7.791456947770955348e-18,2.200000000000000011e-01,5.776970209706971948e-02,1.436746736770851129e-01,8.401689717429480786e-03,-9.879016455464031399e-01,0.000000000000000000e+00,-3.166691028657306894e-01,-9.548541299517694370e-01,5.699999999999999512e-01,5.699999999999999512e-01,3.390737001156738373e-01,-3.044537692653661587e-01,-5.363215497753037742e-01,-2.281761921135583016e-01,-4.378947473319590999e-01,5.699999999999999512e-01,7.827822346989847802e-01,-6.675273976252908970e-01
4.418227809648794802e-01,-9.008643810642406146e-18,2.200000000000000011e-01,7.954788094350494221e-02,1.706696819165956502e-01,1.382505944251937943e-02,-9.820146954314363796e-01,0.000000000000000000e+00,-2.794763761269499214e-01,-7.079229790190559868e-01,5.699999999999999512e-01,5.699999999999999512e-01,6.676957235659086720e-01,-4.214610715282057773e-01,-4.117867954847760914e-01,-3.894616915710947813e-01,-2.286250061941382528e-01,5.699999999999999512e-01,5.440028634314637568e-01,-6.887927506584258230e-01
4.739592680362034183e-01,-1.000275130832902856e-17,2.200000000000000011e-01,9.899618845124841249e-02,1.875388477346790206e-01,1.900131074264194142e-02,-9.770710749236902748e-01,0.000000000000000000e+00,-2.513997539506613865e-01,-2.531720433532195780e-01,9.277717794448621380e-02,5.699999999999999512e-01,9.311588207229560821e-01,-4.369093885987354597e-01,-2.826210389704119086e-01,-5.258620695674519618e-01,-2.320897062346235096e-03,5.699999999999999512e-01,2.322574822745199774e-01,-6.138061414540387783e-01
5.086951048191281632e-01,-1.055846615733824219e-17,2.200000000000000011e-01,1.178322517598663355e-01,1.912074094437699323e-01,2.312762945865853847e-02,-9.741767805560883620e-01,0.000000000000000000e+00,-2.048167651679562717e-01,5.494313946411335386e-02,-1.140720211974263210e-01,5.699999999999999512e-01,1.111917426628628913e+00,-3.670671184728889203e-01,-1.877144926577845041e-01,-6.205761340446630525e-01,1.917566331903831911e-01,5.699999999999999512e-01,-5.769335390616157910e-02,-5.038628168012608821e-01
5.460653127417055552e-01,-9.896116330348927744e-18,2.200000000000000011e-01,1.285853142673472338e-01,1.760864623428352871e-01,2.320688912418721397e-02,-9.756642942280558950e-01,0.000000000000000000e+00,-1.570107051158328437e-01,2.685117440458764659e-01,-1.602900164742284694e-01,5.699999999999999512e-01,1.110114208634134680e+00,-2.526948228965174015e-01,-1.465511528621384063e-01,-6.821167921768949149e-01,3.604054430770812223e-01,5.699999999999999512e-01,-3.035847302994471586e-01,-3.863747919195864577e-01
5.857206979476131670e-01,-8.721514396504403627e-18,2.200000000000000011e-01,1.372413462624428870e-01,1.483469743721987921e-01,2.079296829706225869e-02,-9.791453623135248918e-01,0.000000000000000000e+00,-9.545472311355723827e-02,3.956911355726202562e-01,-1.020733711304526309e-01,5.699999999999999512e-01,1.077037526818331203e+00,-2.189305500605303600e-01,-1.121812216575157062e-01,-7.014914887739890359e-01,5.052434404175533134e-01,5.370898370173098346e-01,-4.735457262812467483e-01,-2.954497028866441277e-01
6.261369495616639913e-01,-7.228042118482757092e-18,2.200000000000000011e-01,1.419086999359348289e-01,1.089328947833348854e-01,1.571400137384111259e-02,-9.837421488771530553e-01,0.000000000000000000e+00,-3.105556458227819866e-02,4.076382816967773493e-01,3.882665293827495395e-02,5.699999999999999512e-01,1.011378817196601165e+00,-2.194698348830697310e-01,-8.711930633368768218e-02,-6.912259684630032153e-01,5.699999999999999512e-01,4.958247528080990674e-01,-5.889744697086325420e-01,-2.179002104941054063e-01
6.673409247349139095e-01,-5.847852965954386629e-18,2.200000000000000011e-01,1.332991094038111224e-01,6.364607703198103816e-02,8.578388656933937095e-03,-9.889928895389696883e-01,0.000000000000000000e+00,6.428390805360891663e-03,3.458847534415137592e-01,1.922340127206615124e-01,5.699999999999999512e-01,9.780512879884820654e-01,-2.586153732082565049e-01,-9.025817711320395509e-02,-5.961245280383201672e-01,5.699999999999999512e-01,4.205522555827875264e-01,-6.903327113344387422e-01,-1.526726464345081746e-01
7.082520303742694256e-01,-4.802458165091175665e-18,2.200000000000000011e-01,1.179904454553312304e-01,1.492269220788170099e-02,1.773323902775575259e-03,-9.929010138784516437e-01,0.000000000000000000e+00,1.499497687850001593e-02,3.480541770715507299e-01,1.802794758926658525e-01,5.699999999999999512e-01,9.288353706965114531e-01,-2.986775335269037934e-01,-1.513932803724068188e-01,-3.314091386728792998e-01,2.954521976430665720e-01,3.550848130372592504e-01,-7.535005128347094239e-01,-1.364325725251115118e-01
7.488441047500657977e-01,-3.537371945977004798e-18,2.200000000000000011e-01,9.882198185364099441e-02,-4.030547536140366427e-02,-4.005979306497379350e-03,-9.942804617854088534e-01,0.000000000000000000e+00,1.054947917712654656e-03,3.493119127683418368e-01,1.308045417321608561e-01,5.699999999999999512e-01,7.948396066495332368e-01,-3.493361647849245744e-01,-1.603538509305866278e-01,-1.041117629132796568e-01,7.975207135758774490e-02,3.177547526049203652e-01,-7.990625124044828942e-01,-8.819889025660765380e-02
7.888590967473316784e-01,-2.276486352864502995e-18,2.200000000000000011e-01,7.376062756647568108e-02,-8.549024532852671221e-02,-6.346529184170121053e-03,-9.935846764830779110e-01,0.000000000000000000e+00,-2.149894470796506751e-02,4.104604173112791909e-01,1.896717935304236208e-03,5.699999999999999512e-01,7.011199039456386117e-01,-4.338324192896261811e-01,-1.926011052028751280e-01,7.843023432346859017e-03,8.427414781913721009e-02,2.809655874459802138e-01,-8.407093790055523153e-01,6.193032605167933524e-02
8.272185845586921271e-01,-1.138864212819816196e-18,2.200000000000000011e-01,3.726495455057504680e-02,-1.196972772386902528e-01,-4.496029371514900785e-03,-9.921006353711695480e-01,0.000000000000000000e+00,-7.231980547649780044e-02,4.658474696897301204e-01,-1.487071480364794418e-01,5.084246425361181876e-01,5.913497723964575847e-01,-5.183485974058839041e-01,-2.167765038768017516e-01,2.080443853764278248e-02,2.567259387985306729e-01,2.323197757166531874e-01,-7.543119891654987974e-01,5.304414179795399059e-02
8.634565071611581821e-01,-3.771114604042565842e-19,2.200000000000000011e-01,2.272035259661242534e-03,-1.442064622605617186e-01,-3.311038717176417734e-04,-9.895449582855233572e-01,0.000000000000000000e+00,-1.307116578442851507e-01,4.677293823840271703e-01,-2.904080204861421155e-01,4.215032666285997709e-01,4.385554416370591735e-01,-5.553655478874514051e-01,-2.203923491075998609e-01,-4.975123387235081546e-02,5.422039507447024009e-01,2.156385748847816364e-01,-5.895523680077332518e-01,-1.665471816641856881e-02
9.004180094424748537e-01,-5.835443281478492742e-20,2.200000000000000011e-01,2.636505242708631069e-02,1.512028502409897279e-01,-4.034306420595518139e-03,9.881428573142765348e-01,0.000000000000000000e+00,-1.775209361959090848e-01,4.728544523121269161e-01,-4.278471138436639176e-01,3.517360522034446713e-01,2.782136766274375672e-01,-5.476480828959434666e-01,-2.169830708596559021e-01,-1.309778278334356727e-01,5.699999999999999512e-01,2.094775211041545460e-01,-3.716675613045521964e-01,-5.948454478868175216e-02
9.372872946640893321e-01,-2.459864471001777999e-19,2.200000000000000011e-01,4.765341314112809395e-02,1.410766555376008202e-01,-6.798741433114333967e-03,9.888277436405452647e-01,0.000000000000000000e+00,-2.181518083978830902e-01,4.669923203749709595e-01,-5.443712946859888824e-01,2.867592840842658197e-01,8.589788466749574691e-02,-4.798844409616097040e-01,-2.184546111893299059e-01,-1.147378269086681835e-01,5.699999999999999512e-01,2.115647485324116117e-01,-1.551871932744107174e-01,-3.286131949855976286e-02
9.734919676900096741e-01,-3.717989358992253437e-19,2.200000000000000011e-01,5.685426846232222164e-02,1.257613765465601108e-01,-7.219349891817362919e-03,9.904037304624151439e-01,0.000000000000000000e+00,-2.459454662444528761e-01,3.958095994008296037e-01,-6.104142418188254204e-01,2.351264070056699740e-01,-1.412580698932087431e-01,-3.454597923731472231e-01,-2.401224905281889310e-01,-6.150317004033284407e-02,5.699999999999999512e-01,2.048078458961760107e-01,-2.338320836875359965e-02,1.376936779074121875e-01
1.009924056330122610e+00,3.451503727508167821e-19,2.200000000000000011e-01,5.583645892482741457e-02,1.181218221764413490e-01,-6.652679378204739979e-03,9.914057024435274368e-01,0.000000000000000000e+00,-2.486867812860832916e-01,2.701726233203221028e-01,-6.333569148159230444e-01,2.024410160270652959e-01,-4.108881034949077860e-01,-1.490648389340346325e-01,-3.091934511708290256e-01,-1.948553686820741690e-02,5.699999999999999512e-01,2.192879538347097534e-01,-2.986452061268755898e-02,4.503775874264573931e-01
1.046275337183321996e+00,1.374632385951285419e-18,2.200000000000000011e-01,5.206273442818577096e-02,1.085276030919608420e-01,-5.691720101963935498e-03,9.927128665295191778e-01,0.000000000000000000e+00,-2.532931831621086372e-01,1.257003456917422934e-01,-6.220193777238288702e-01,1.753900794196785184e-01,-6.825316523594671114e-01,9.045176019909602350e-02,-3.715812835301282591e-01,7.199032272112473874e-02,5.699999999999999512e-01,2.339589166080098814e-01,-8.876532227465339098e-02,5.699999999999999512e-01
1.081747318336304664e+00,2.092420918373326466e-18,2.200000000000000011e-01,4.392191159678038304e-02,8.974022113428076208e-02,-3.961415188327106762e-03,9.949883745964878123e-01,0.000000000000000000e+00,-2.557253583863526858e-01,-2.112798435502858882e-02,-5.733042369492964418e-01,1.604323646659453761e-01,-9.368293584836839827e-01,3.714462834155832782e-01,-4.362631020832712925e-01,2.341433519702002253e-01,2.115307581826687267e-01,2.540097087166675593e-01,-6.509209344824447296e-02,5.699999999999999512e-01
1.116742275953964247e+00,2.155362584762838408e-18,2.200000000000000011e-01,3.261267978637355514e-02,6.195869184899989446e-02,-2.025614497089916338e-03,9.975436985452925676e-01,0.000000000000000000e+00,-2.626106257940446498e-01,-1.699398947917067082e-01,-4.875183234858727066e-01,1.623937914831213858e-01,-1.138815479613818127e+00,5.699999999999999512e-01,-4.976941847861873769e-01,3.123713374887153171e-01,-7.690118869036170757e-02,3.121772608498621371e-01,4.628929142773670867e-03,5.699999999999999512e-01
1.150904253328868032e+00,2.073942199823496766e-18,2.200000000000000011e-01,2.743495095771525394e-02,3.384432549946572721e-02,-9.294002852811185378e-04,9.990500594627598208e-01,0.000000000000000000e+00,-2.934672480689718976e-01,-3.462494357681886181e-01,-3.516664805532179194e-01,1.732052796840837516e-01,-1.199625429254342013e+00,5.699999999999999512e-01,-5.653722531643170512e-01,3.122809630271425885e-01,-2.684434266027808658e-01,3.644792422951972921e-01,9.820324576344202638e-02,5.699999999999999512e-01
1.184992710588645748e+00,1.536236306797082475e-18,2.200000000000000011e-01,2.138443869854778079e-02,4.272144373541279794e-03,-9.137913989912217413e-05,9.997621948312771512e-01,0.000000000000000000e+00,-3.315864725668051238e-01,-5.441561962620153903e-01,-1.612505738012841305e-01,2.040478479863973016e-01,-1.166732603013841851e+00,5.699999999999999512e-01,-5.699999999999999512e-01,2.506085933443149560e-01,-3.976245743826512524e-01,4.324712198306327471e-01,2.719032287004264914e-01,5.699999999999999512e-01
1.219524676136305219e+00,6.832856188176569724e-19,2.200000000000000011e-01,9.424407146149060832e-03,-2.751405841925814999e-02,2.594134322276911431e-04,9.995769554386078060e-01,0.000000000000000000e+00,-3.707386829922700855e-01,-7.585356711662378792e-01,1.008029804188598777e-01,2.555173436589265323e-01,-1.055482923295382847e+00,5.699999999999999512e-01,-5.699999999999999512e-01,1.627451163230877462e-01,-4.881761507379873133e-01,5.602569861869693968e-01,5.390489780846842160e-01,2.748379455323006204e-01
1.254094792749691711e+00,-5.431967644838148548e-19,2.200000000000000011e-01,5.935613761287317214e-03,6.234174479727215556e-02,3.707642757478646356e-04,-9.980371425346656888e-01,0.000000000000000000e+00,-3.891801654617258466e-01,-9.784481802871979328e-01,4.341069452092102821e-01,3.139227348292808473e-01,-8.565361925523837794e-01,5.699999999999999512e-01,-5.699999999999999512e-01,6.519103491073298395e-02,-5.385139721006797497e-01,5.699999999999999512e-01,7.199588487096048040e-01,-8.945443570380910703e-02
1.288617677554103613e+00,-2.155733060037449115e-18,2.200000000000000011e-01,2.299392724446458480e-02,1.022908331325662751e-01,2.365109346115876199e-03,-9.944859330451600865e-01,0.000000000000000000e+00,-3.900686637956590208e-01,-1.134876341849762937e+00,5.699999999999999512e-01,4.146757496564115186e-01,-4.890507676239795321e-01,3.294942685962484741e-01,-5.699999999999999512e-01,-4.838299834800200566e-02,-5.143140228068349140e-01,5.699999999999999512e-01,7.939793822712059024e-01,-3.381821107620936462e-01
1.323775105100959415e+00,-4.116302841812332971e-18,2.200000000000000011e-01,4.498738395019263869e-02,1.455725896029431699e-01,6.626446136432095901e-03,-9.883020017450192540e-01,0.000000000000000000e+00,-3.621434869293447267e-01,-1.123745645671088145e+00,5.699999999999999512e-01,5.529477126758133299e-01,2.374810361790559432e-02,-1.204176419970417883e-01,-5.324973823732523925e-01,-1.601597507009811794e-01,-4.338457058188806004e-01,5.699999999999999512e-01,7.796162827547835628e-01,-4.962539130950655020e-01
1.357556619464050485e+00,-5.907854074294615845e-18,2.200000000000000011e-01,6.461740126651288607e-02,1.831243875894063011e-01,1.206356081074526354e-02,-9.808896577210572953e-01,0.000000000000000000e+00,-3.085718082141238883e-01,-9.860646972880461325e-01,5.699999999999999512e-01,5.699999999999999512e-01,4.044540130826010937e-01,-3.424478280699250754e-01,-4.427192927808537015e-01,-2.860761812681649197e-01,-2.963472258741972065e-01,5.699999999999999512e-01,6.703736230135141083e-01,-5.961231448313432102e-01
1.389900977224264089e+00,-7.050512848332905340e-18,2.200000000000000011e-01,7.960731917544811020e-02,2.073013640699295224e-01,1.692783537985209641e-02,-9.748857715536716206e-01,0.000000000000000000e+00,-2.474012931420048744e-01,-7.927654668492080114e-01,5.699999999999999512e-01,5.699999999999999512e-01,7.491415110169638014e-01,-4.727030853312757519e-01,-3.585464888507581827e-01,-4.231994586624006072e-01,-1.145034233893701542e-01,5.699999999999999512e-01,4.283561083432607663e-01,-5.729721722883306390e-01
1.423578489629338639e+00,-8.184101409697876032e-18,2.200000000000000011e-01,8.848663561549043044e-02,2.243133759464786547e-01,2.045679773922651559e-02,-9.702758082706183229e-01,0.000000000000000000e+00,-2.619580490219821090e-01,-4.235829176798796003e-01,3.299708732057226590e-01,5.699999999999999512e-01,1.055672407003323432e+00,-5.124367367231484893e-01,-2.868587330379621658e-01,-5.299357291403326009e-01,6.526626869272665610e-02,5.699999999999999512e-01,1.707936998654716043e-01,-4.987159045333876550e-01
1.457976897057402077e+00,-9.002610535809906722e-18,2.200000000000000011e-01,9.556520630336073907e-02,2.308366965559019435e-01,2.278874453892548724e-02,-9.680198262379207108e-01,0.000000000000000000e+00,-2.428546390236504260e-01,-1.422657154879586154e-02,-3.334472468749563601e-02,5.699999999999999512e-01,1.274133993526090247e+00,-4.649555610032420905e-01,-2.371247800125765026e-01,-6.119580827612727258e-01,2.416761451480024525e-01,5.414137881220125736e-01,-1.051021619924982914e-01,-3.813996697164972471e-01
1.494982024267502041e+00,-8.755510237206676911e-18,2.200000000000000011e-01,9.938434770434395604e-02,2.198806216525679980e-01,2.252414515965216191e-02,-9.701896343178942894e-01,0.000000000000000000e+00,-2.143859523260487621e-01,2.151369186081353857e-01,-1.152552400762654333e-01,5.699999999999999512e-01,1.300692306967064393e+00,-3.468348929608261466e-01,-2.037474859989336362e-01,-6.673691690875821481e-01,4.004273008687783131e-01,4.880964697268276309e-01,-3.215406813655770635e-01,-2.732719012402117786e-01
1.533748690759444422e+00,-7.860566776412426709e-18,2.200000000000000011e-01,1.005928984853208807e-01,1.940071242716075450e-01,2.000334057688031575e-02,-9.756239905168120341e-01,0.000000000000000000e+00,-1.725892322739268070e-01,3.783766493439753575e-01,-1.073343776031641661e-01,5.699999999999999512e-01,1.241893726808091403e+00,-2.939618211601123243e-01,-1.869141841911518553e-01,-6.915550413746796021e-01,5.293347363546109241e-01,4.313200773344554317e-01,-4.756134702020416438e-01,-1.912400863119103622e-01
1.572755373204731244e+00,-6.681148350448463760e-18,2.200000000000000011e-01,9.951589481381195590e-02,1.568158512479987665e-01,1.588407087012982943e-02,-9.824729369144804547e-01,0.000000000000000000e+00,-1.245805625411754297e-01,4.302124765931966688e-01,-3.873752829584484279e-03,5.699999999999999512e-01,1.137615526398348731e+00,-2.851045823261989520e-01,-1.675660957600230150e-01,-7.014931202669211219e-01,5.699999999999999512e-01,3.852471775499362039e-01,-5.855614086979911148e-01,-1.328383472913242658e-01
1.612385191237763804e+00,-5.447489302499397313e-18,2.200000000000000011e-01,9.499117803212062117e-02,1.122561975578452720e-01,1.078118944638692921e-02,-9.890697589958177272e-01,0.000000000000000000e+00,-6.468890320933326499e-02,3.794786114840080216e-01,1.579400549166530554e-01,5.699999999999999512e-01,1.079967960191642540e+00,-3.261427726901069413e-01,-1.502415821712572985e-01,-6.774291667802545547e-01,5.699999999999999512e-01,3.196071793214143586e-01,-6.843686995586774069e-01,-7.904623194539503461e-02
1.652231041329045080e+00,-4.544982179223652925e-18,2.200000000000000011e-01,8.759600252527138808e-02,6.507005375445149009e-02,5.734212796436578830e-03,-9.940120458272077020e-01,0.000000000000000000e+00,-2.161610450615471593e-02,3.552751925376120279e-01,2.050581537326927328e-01,5.699999999999999512e-01,1.030516843833385821e+00,-3.704899334946295530e-01,-1.329918379167250864e-01,-6.178099597287816103e-01,5.699999999999999512e-01,2.638438108156331285e-01,-7.315933782980064137e-01,-6.302843839299571149e-02
1.691282353202561373e+00,-4.316184386978249567e-18,2.200000000000000011e-01,8.026757740549245179e-02,2.002079175429462288e-02,1.612549945849736655e-03,-9.965709626502554652e-01,0.000000000000000000e+00,3.812417345524174179e-03,3.795296596001889733e-01,1.683715194346910859e-01,5.699999999999999512e-01,9.285969040041571754e-01,-4.239439424915684707e-01,-1.790622968073254939e-01,-3.523727502868764239e-01,3.853541951095174611e-01,2.382691081103828767e-01,-7.624500890442311718e-01,-1.999873090302457801e-02
1.730091734286409055e+00,-3.955471966815536861e-18,2.200000000000000011e-01,7.343837606608893953e-02,-2.748153493107294981e-02,-2.024436607393214835e-03,-9.969189895949573943e-01,0.000000000000000000e+00,2.658283008686437160e-02,4.304541602595529093e-01,7.222540864872367683e-02,5.699999999999999512e-01,8.215960230016701171e-01,-4.767450457187230040e-01,-1.674201944662068176e-01,-1.026616198775848199e-01,1.346064992940446958e-01,2.551441895229848433e-01,-7.982129625390782524e-01,6.354244389121194159e-02
1.768893822896631551e+00,-3.394492267104261501e-18,2.200000000000000011e-01,4.557566862760253912e-02,-6.507876692767354532e-02,-2.975427421268134198e-03,-9.968343690683931779e-01,0.000000000000000000e+00,1.101426503327489377e-02,5.208092655451719288e-01,-7.254640809370414833e-02,5.699999999999999512e-01,7.170486528115415092e-01,-5.332579526228813371e-01,-1.923429492064337165e-01,3.146822774258319771e-02,1.231463131626664154e-01,2.373066415138998519e-01,-7.947818461576517945e-01,1.471535715188281579e-01
1.806736450115065562e+00,-2.893466920021057846e-18,2.200000000000000011e-01,1.097723043939685846e-02,-9.472066748223896548e-02,-1.044530710557809100e-03,-9.954428183071061254e-01,0.000000000000000000e+00,-3.196158886654074105e-02,5.672245914468201367e-01,-2.110336981411748136e-01,5.699999999999999512e-01,5.879764080716626262e-01,-5.728098278291058332e-01,-2.169755856250600579e-01,7.568968924283418775e-02,2.673804364504790976e-01,2.028788481981830816e-01,-7.072169212073011746e-01,1.034989044979493095e-01
1.842305667891936949e+00,-2.055433913657785156e-18,2.200000000000000011e-01,2.484665500390281778e-02,1.229812973021261607e-01,-3.080027273709776137e-03,9.920931194605657755e-01,0.000000000000000000e+00,-8.414499663385420491e-02,5.695207238698739571e-01,-3.434815480370359553e-01,5.096753737306881638e-01,4.241604433718678124e-01,-5.830654155945759198e-01,-2.148010141873533396e-01,-1.587830965405753530e-03,5.429094073904017215e-01,2.066550535793318655e-01,-5.373532739822014515e-01,-1.942206116517417730e-02
1.878574522697192606e+00,-1.822531890448712397e-18,2.200000000000000011e-01,5.680734439203850850e-02,1.281414642541071347e-01,-7.352160352177216154e-03,9.901003163821804343e-01,0.000000000000000000e+00,-1.287230389907463857e-01,5.987079320181798447e-01,-4.829455672897770002e-01,4.240024293363115482e-01,2.712869393926561346e-01,-5.622602242521510529e-01,-2.223956740107671526e-01,-8.269897408230342251e-02,5.699999999999999512e-01,2.031384724178033341e-01,-2.951400658500850649e-01,-1.050992939598716092e-01
1.912822875081628737e+00,-1.941389883889786074e-18,2.200000000000000011e-01,8.175239726516836392e-02,1.194456880487664990e-01,-9.869389825006631700e-03,9.894199655820763439e-01,0.000000000000000000e+00,-1.660911036825179765e-01,6.120494346592786350e-01,-6.093288944915692396e-01,3.398430237048207792e-01,9.900636263731432685e-02,-4.989014126935156779e-01,-2.269606485056417100e-01,-7.313369392635978017e-02,5.699999999999999512e-01,1.877376975611126653e-01,-8.592856644752260020e-02,-7.675448178768654039e-02
1.946794259843556585e+00,-1.730121703111965851e-18,2.200000000000000011e-01,9.138052038526633947e-02,1.093577186324917461e-01,-1.009674107971266638e-02,9.897416560341310010e-01,0.000000000000000000e+00,-1.764871017594791813e-01,5.659569722590997998e-01,-6.975973264165290511e-01,2.745893605352834332e-01,-1.201007927280294679e-01,-3.703757421614238265e-01,-2.472964362461625154e-01,-1.968245759843508316e-02,5.699999999999999512e-01,1.934647912246434953e-01,3.180282506137676463e-02,7.571588653852166784e-02
1.982055609016102338e+00,-8.306027861112928073e-19,2.200000000000000011e-01,8.798694623937558523e-02,1.046010856063039896e-01,-9.291137739459109923e-03,9.905708379217300630e-01,0.000000000000000000e+00,-1.620129733186404242e-01,4.589161012631784997e-01,-7.404912564994743374e-01,2.303992669953565386e-01,-3.719228852683563735e-01,-1.868081484696778594e-01,-3.217858140907450260e-01,5.399027456116015089e-02,5.699999999999999512e-01,2.049289985231974587e-01,3.239491393021146082e-02,3.589239912369682206e-01
2.017677165396022598e+00,5.641506146021026798e-19,2.200000000000000011e-01,8.110015109843432546e-02,1.016202092758439479e-01,-8.312258180101353422e-03,9.914771832586427580e-01,0.000000000000000000e+00,-1.474062730434509694e-01,3.027852432936397609e-01,-7.306950767445883343e-01,1.907423077930563426e-01,-6.335007074398649740e-01,3.963732184682854792e-02,-3.824721098077912829e-01,1.699370678999362061e-01,5.237198885649664293e-01,2.214718245317660594e-01,-5.134225210704440601e-02,5.699999999999999512e-01
2.052912913808625284e+00,1.483227220293670871e-18,2.200000000000000011e-01,7.182328449297920026e-02,8.815340954304595744e-02,-6.372931469131405680e-03,9.934937231482976472e-01,0.000000000000000000e+00,-1.394573376424383393e-01,1.479335060350220610e-01,-6.828593533180158381e-01,1.566481769777403055e-01,-8.672022914921497794e-01,2.990581011378944942e-01,-4.457013280363505414e-01,3.026729661779813396e-01,1.291367957383995624e-01,2.437021777366830677e-01,-5.193938468867474734e-02,5.699999999999999512e-01
2.087001764769720324e+00,1.906201663732489674e-18,2.200000000000000011e-01,5.969612998684825644e-02,6.794168577764375661e-02,-4.072580062134040224e-03,9.958934247648805194e-01,0.000000000000000000e+00,-1.449056373621126215e-01,-1.615303675468131306e-02,-5.987091531956809654e-01,1.337427028990290367e-01,-1.079480554069355058e+00,5.699999999999999512e-01,-5.033497425338162579e-01,3.570386032481400185e-01,-1.542276767544336347e-01,2.949545519406616134e-01,1.960426612724662163e-02,5.699999999999999512e-01
2.120847289346824205e+00,2.043657761115134871e-18,2.200000000000000011e-01,5.614128911142513001e-02,4.648748769164899597e-02,-2.616837265906449966e-03,9.973365637074327328e-01,0.000000000000000000e+00,-1.976110902718696827e-01,-1.941900475201329135e-01,-4.746898687616488699e-01,1.156568128478871332e-01,-1.186286760740953961e+00,5.699999999999999512e-01,-5.699999999999999512e-01,3.318663334682236399e-01,-3.528401409573401759e-01,3.746652698344662413e-01,8.669502988466563920e-02,5.699999999999999512e-01
2.153687986582783154e+00,1.670428480205191438e-18,2.200000000000000011e-01,5.280887889697394311e-02,2.353371538635199572e-02,-1.244872397195395664e-03,9.983265181504865637e-01,0.000000000000000000e+00,-2.637980216068201988e-01,-3.934543647843274372e-01,-3.014188601160489589e-01,1.332058629286560492e-01,-1.195862252153492289e+00,5.699999999999999512e-01,-5.699999999999999512e-01,2.395035265011273840e-01,-4.929721895499599715e-01,4.257235826661944222e-01,3.019365675355739076e-01,5.586696074439949644e-01
2.186626673427375156e+00,9.703873281236715928e-19,2.200000000000000011e-01,4.423437610417962906e-02,3.936603461941175848e-04,-1.743038235583880451e-05,9.990211032297504623e-01,0.000000000000000000e+00,-3.335563762809209964e-01,-6.075266978836025844e-01,-7.094857510423646652e-02,1.716732997054614684e-01,-1.131712266209044193e+00,5.699999999999999512e-01,-5.699999999999999512e-01,1.185238434854794520e-01,-5.887822707611108930e-01,5.145490641219960803e-01,5.653783084721067942e-01,8.153187880412009203e-02
2.219661630269650576e+00,-4.586776210075680920e-20,2.200000000000000011e-01,3.475155068293789284e-02,-2.635933849020440783e-02,9.169008836195161050e-04,9.990478838835803455e-01,0.000000000000000000e+00,-3.908266091234026129e-01,-8.131868059289942829e-01,2.092524412138299927e-01,2.223511181269919867e-01,-9.903081453616379148e-01,5.699999999999999512e-01,-5.699999999999999512e-01,-1.768104182615802891e-02,-6.178031002292773133e-01,5.699999999999999512e-01,7.051396288337243856e-01,-2.567261624216788940e-01
2.252965733087539224e+00,-1.545119555658253423e-18,2.200000000000000011e-01,2.248210263998456915e-02,-5.936847239471260140e-02,1.337426964964454762e-03,9.979820393351359620e-01,0.000000000000000000e+00,-4.338066812050225263e-01,-1.009681375838067385e+00,5.323293299258947675e-01,3.060698521273902961e-01,-7.451980755900983189e-01,5.699999999999999512e-01,-5.699999999999999512e-01,-1.492148408275456584e-01,-5.732924120337494767e-01,5.699999999999999512e-01,7.389221593852571823e-01,-4.909433776259958249e-01
2.286967149627872065e+00,-3.489749108211471556e-18,2.200000000000000011e-01,-5.551564673691555818e-03,9.535942871110267283e-02,-5.318259249419490797e-04,-9.954272834550756954e-01,0.000000000000000000e+00,-4.443203301776267877e-01,-1.111793671239862391e+00,5.699999999999999512e-01,4.294963732941858847e-01,-2.510088230948241961e-01,1.029665473379936663e-01,-5.699999999999999512e-01,-2.589542177192856731e-01,-4.751484012479579300e-01,5.699999999999999512e-01,6.828994034941462399e-01,-6.470986426615208398e-01
2.321220931178467506e+00,-5.516262275936008613e-18,2.200000000000000011e-01,1.044182013237415774e-02,1.300658876543059339e-01,1.369837506397991733e-03,-9.914494222128664713e-01,0.000000000000000000e+00,-4.288185086846162952e-01,-1.064525612048940584e+00,5.699999999999999512e-01,5.393795818236405415e-01,1.370300201895000847e-01,-1.641569348435383269e-01,-5.346303231239959430e-01,-3.451118384662223426e-01,-3.375637775873180924e-01,5.699999999999999512e-01,5.381079787223422839e-01,-7.218303074062064617e-01
2.353628233688282556e+00,-6.981155059229605665e-18,2.200000000000000011e-01,2.463842782615088822e-02,1.538605976564628719e-01,3.837789158985763227e-03,-9.877778777323487081e-01,0.000000000000000000e+00,-3.872616221585734597e-01,-9.133871970246699723e-01,5.699999999999999512e-01,5.699999999999999512e-01,4.474037692012624023e-01,-2.921881241554499797e-01,-4.399500945776130267e-01,-4.466780584442754387e-01,-1.409681726725569018e-01,5.699999999999999512e-01,2.882445268045138453e-01,-7.038102778925370284e-01
2.386025673361380939e+00,-7.933406160788543111e-18,2.200000000000000011e-01,3.245337569837714042e-02,1.656226665090889116e-01,5.453324463711203829e-03,-9.856399809243194809e-01,0.000000000000000000e+00,-3.788433664113258215e-01,-6.970542263529208027e-01,5.699999999999999512e-01,5.699999999999999512e-01,6.801753776590646616e-01,-3.154606904584271732e-01,-3.944595336212968761e-01,-5.473851841213671632e-01,7.392575637605788841e-02,5.352290265122204849e-01,1.074836179810811226e-02,-6.119812458920366183e-01
2.419232840298910947e+00,-8.856290035821056555e-18,2.200000000000000011e-01,4.122244073695663369e-02,1.706899203297903289e-01,7.147497554975679179e-03,-9.844361709913952430e-01,0.000000000000000000e+00,-3.573305600338795851e-01,-2.660865124984173047e-01,1.632592141805433161e-01,5.699999999999999512e-01,8.782850112696943823e-01,-3.011421236498081910e-01,-3.697785508143253130e-01,-6.157064381391582630e-01,2.763187587338098439e-01,4.449435916826938731e-01,-2.402931634457441123e-01,-4.597707610128465849e-01
2.454408063338680890e+00,-8.965299675204685694e-18,2.200000000000000011e-01,5.098546170678425887e-02,1.592827470450356164e-01,8.237407147730609405e-03,-9.858811461387300135e-01,0.000000000000000000e+00,-3.005082863183552999e-01,-1.406208003128618135e-02,2.661632742854833783e-03,5.699999999999999512e-01,9.422331315357876935e-01,-2.041752800964074244e-01,-3.379616554357908198e-01,-6.656295700478623845e-01,4.687592918935894470e-01,3.423723445685428746e-01,-4.375061336850157301e-01,-3.044589001672334816e-01
2.491971398839194052e+00,-8.451373028642607746e-18,2.200000000000000011e-01,6.051536153964898884e-02,1.335718955772270122e-01,8.171765894104844954e-03,-9.891560351996059319e-01,0.000000000000000000e+00,-2.365011290786499520e-01,1.469375928984821555e-01,-2.752860262835546759e-02,5.699999999999999512e-01,9.423787154824948553e-01,-1.739144111746820098e-01,-2.985474714787745287e-01,-6.766173365492464953e-01,5.699999999999999512e-01,2.776971665185733462e-01,-5.579054627605345429e-01,-1.840987234714522858e-01
2.530294665151742617e+00,-7.671111496620304684e-18,2.200000000000000011e-01,6.991347253441337894e-02,9.728245337781096791e-02,6.850854677206329180e-03,-9.927745446037412602e-01,0.000000000000000000e+00,-1.623219653399794182e-01,2.240025902950053271e-01,3.403062542639221505e-02,5.699999999999999512e-01,8.826485232129706038e-01,-1.693217435316323738e-01,-2.533148223101055474e-01,-6.373044426599957513e-01,5.699999999999999512e-01,2.333417399969422990e-01,-6.689343201236394032e-01,-5.564181485753820489e-02
2.569608076948046715e+00,-6.773907801361988104e-18,2.200000000000000011e-01,7.720104198247962346e-02,5.137892500607907365e-02,3.983704802610853885e-03,-9.956828487415482209e-01,0.000000000000000000e+00,-8.288148093369737679e-02,2.037669029230024520e-01,1.692332438771956271e-01,5.699999999999999512e-01,8.507510590595699362e-01,-2.137556088483317240e-01,-2.510190231209757927e-01,-4.183769333614744124e-01,4.243905214545165006e-01,2.056256464390921468e-01,-7.334768316494020279e-01,-2.311009919081969885e-02
2.609591845789273279e+00,-5.700535376283189428e-18,2.200000000000000011e-01,7.127148544994987844e-02,-1.701686327554576775e-03,-1.215911014799250442e-04,-9.974554951680822956e-01,0.000000000000000000e+00,-3.246474232012714484e-02,1.393945158905853798e-01,2.937624457287261737e-01,5.699999999999999512e-01,8.177036836828643906e-01,-2.558133904512979728e-01,-2.396987253303843046e-01,-2.108447930771125967e-01,1.382105491820891652e-01,1.975213574696082219e-01,-7.809233168313549633e-01,-2.054706773267638356e-02
2.649202251935456776e+00,-4.479434176082164762e-18,2.200000000000000011e-01,6.007456562227836416e-02,-5.304233380045601798e-02,-3.196793697954360830e-03,-9.967784798541491353e-01,0.000000000000000000e+00,-1.363334264642142302e-03,1.582418408281727196e-01,2.525919163142209545e-01,5.699999999999999512e-01,7.380658506862635138e-01,-3.127950567131366211e-01,-2.309849964981309789e-01,-1.979804494250947053e-02,5.207953458933152306e-03,1.665689884327673786e-01,-8.044487559977122615e-01,5.466077756679713767e-02
2.686943668127850238e+00,-3.089411946219546281e-18,2.200000000000000011e-01,3.715321391690956654e-02,-9.813345927589298134e-02,-3.666237670364815016e-03,-9.944727354571041289e-01,0.000000000000000000e+00,-1.414391337147282400e-02,2.029117628920929783e-01,1.568489087086951395e-01,5.699999999999999512e-01,6.598723793568733731e-01,-3.961761102850656080e-01,-2.235414772177951870e-01,6.386460233542542997e-02,4.514526869744067694e-02,1.346733245751031427e-01,-8.494765011850481384e-01,2.196203988553985520e-01
2.722182134986498081e+00,-1.805036928770070792e-18,2.200000000000000011e-01,-8.027684764554565700e-03,1.337597454347063120e-01,1.083553988202923257e-03,9.909806822987612396e-01,0.000000000000000000e+00,-4.301912806183896126e-02,3.080160539317343127e-01,-3.351920295315000131e-02,5.623787861904672170e-01,5.963750435821286722e-01,-5.047942228173253332e-01,-2.240801624263757674e-01,6.229945003947320176e-02,2.096127865275346225e-01,1.427397602936584797e-01,-7.343845373756821004e-01,9.625203814557196924e-02
2.755612655667615041e+00,-6.256800950502539619e-19,2.200000000000000011e-01,2.030977684868979019e-02,1.598617816565616745e-01,-3.289770958170762805e-03,9.869249723950596076e-01,0.000000000000000000e+00,-8.367797974273476214e-02,3.789997214133419279e-01,-2.229580338587915378e-01,4.852306552964315012e-01,4.835062387333414202e-01,-5.782996007540091021e-01,-2.127054258614645421e-01,-3.175848476845881396e-02,5.022120766977032913e-01,1.459591515920521110e-01,-6.234125757015606117e-01,-2.822327142791117294e-02
2.789487779644731713e+00,1.595307208975173570e-19,2.200000000000000011e-01,3.871447075514488495e-02,1.686935191925998667e-01,-6.631105258062456806e-03,9.848856353808910225e-01,0.000000000000000000e+00,-1.115236087609599025e-01,4.258021302419490173e-01,-3.987610799845400789e-01,4.187085414411720885e-01,3.395990795538771367e-01,-5.980078707073038791e-01,-1.948044753346407643e-01,-1.309839935175793613e-01,5.699999999999999512e-01,1.400813218391971926e-01,-4.305034585855598839e-01,-9.031569421968146938e-02
2.823278502779797527e+00,2.794743387244132994e-19,2.200000000000000011e-01,5.195554448213013377e-02,1.588711174437979490e-01,-8.372320438834610079e-03,9.858957823675856824e-01,0.000000000000000000e+00,-1.365012604794536288e-01,4.623475479255255149e-01,-5.656531194555162179e-01,3.567323450363333870e-01,1.667725202302440257e-01,-5.559794311727210836e-01,-1.806296123898599726e-01,-1.364908176586709931e-01,5.699999999999999512e-01,1.454916410673504357e-01,-2.149465760426334526e-01,-6.063984713920413105e-02
2.856268536219344067e+00,4.595875418232820799e-20,2.200000000000000011e-01,5.679573990945085971e-02,1.355648449669839550e-01,-7.784287468027437096e-03,9.891085995004951226e-01,0.000000000000000000e+00,-1.527109495373727421e-01,4.576032132769920491e-01,-6.947312932082662096e-01,2.987777034558217193e-01,-2.378759188934828975e-02,-4.549496568368569527e-01,-2.051998226327160224e-01,-7.230483949839901225e-02,5.699999999999999512e-01,1.593177045135570069e-01,-6.860594973102050742e-02,9.336238142598850265e-02
2.889403953040655004e+00,6.121709663575394043e-19,2.200000000000000011e-01,4.678448770234672899e-02,1.238648980778035563e-01,-5.846531872656214081e-03,9.911783476245162872e-01,0.000000000000000000e+00,-1.588953993772825590e-01,3.579362392128189740e-01,-7.571696044755562571e-01,2.671316385782790404e-01,-2.689708986297547622e-01,-2.869337841415969259e-01,-2.545915451674507501e-01,7.862272408612650670e-03,5.699999999999999512e-01,1.905579443576475296e-01,-4.608997875759763413e-02,3.616749557610576815e-01
2.922547920127376742e+00,1.661611291007010519e-18,2.200000000000000011e-01,3.567997350059376460e-02,1.157059656066731501e-01,-4.159022162954530144e-03,9.926337549915742464e-01,0.000000000000000000e+00,-1.708783943814078110e-01,2.102818595722585338e-01,-7.642437265529784529e-01,2.378513090430614263e-01,-5.306840800806089664e-01,-6.822967201972744700e-02,-3.375464826023247822e-01,1.184131201860531973e-01,5.699999999999999512e-01,2.172001135529730287e-01,-1.111863975756113981e-01,5.699999999999999512e-01
2.955130478167183217e+00,2.309944777527579436e-18,2.200000000000000011e-01,2.230364645711430463e-02,9.765466237452895271e-02,-2.189070465734348648e-03,9.949680006119437925e-01,0.000000000000000000e+00,-1.841832020310920637e-01,5.465056149490950949e-02,-7.176651957416462224e-01,2.128019358894238933e-01,-7.697849149168681793e-01,1.857740960362488647e-01,-4.225958942246622607e-01,2.654566465145231646e-01,2.000240086426894048e-01,2.451055918388290733e-01,-1.023591217245073820e-01,5.699999999999999512e-01
2.986885122731853137e+00,2.159070027238741460e-18,2.200000000000000011e-01,9.927120024950610369e-03,6.747293345699052758e-02,-6.713752118035211077e-04,9.976714914209204865e-01,0.000000000000000000e+00,-2.065610428327039061e-01,-9.106394799440531429e-02,-6.257295957628062899e-01,1.910002504078334162e-01,-9.695799214591852566e-01,4.627360943182779462e-01,-5.039418194015319319e-01,3.319018400081329423e-01,-5.267081953947341799e-02,2.847034571298961980e-01,-2.790118987243896467e-02,5.699999999999999512e-01
3.017950368799753758e+00,1.771473069259043366e-18,2.200000000000000011e-01,5.149266214719116184e-03,3.567642089453381543e-02,-1.838268558349252248e-04,9.993501109507583191e-01,0.000000000000000000e+00,-2.488339633590137823e-01,-2.615616042038931832e-01,-4.806103378349650956e-01,1.567566882452152977e-01,-1.009062024901618670e+00,5.438947930260502606e-01,-5.699999999999999512e-01,3.311960656079018794e-01,-2.366770592604229562e-01,3.831307529777868148e-01,1.247103395827327613e-02,5.699999999999999512e-01
3.050343035464908592e+00,9.140865023702576375e-19,2.200000000000000011e-01,-7.981598886393493882e-04,5.721753446453655724e-03,4.566950306486833464e-06,9.999833120894734417e-01,0.000000000000000000e+00,-2.997539586142636825e-01,-4.358181668979351220e-01,-2.977059727819312274e-01,1.703813886499632169e-01,-9.691591099508696239e-01,5.699999999999999512e-01,-5.699999999999999512e-01,2.893162761746960188e-01,-3.762994482801014784e-01,4.233691883152332358e-01,1.857810786888037524e-01,5.699999999999999512e-01
3.083485015810030649e+00,-2.568012253702167039e-20,2.200000000000000011e-01,1.486977358841401692e-03,2.350827527913662562e-02,3.496597489026886230e-05,-9.997225358413780461e-01,0.000000000000000000e+00,-3.466637485648640382e-01,-6.205898996075869256e-01,-5.533713701279662639e-02,1.810006961530783165e-01,-8.941240112928007244e-01,5.699999999999999512e-01,-5.699999999999999512e-01,2.030720343497798841e-01,-4.716804772375840504e-01,4.631635908429218018e-01,4.098965378097073620e-01,1.603499643259181928e-01
3.116503147761169323e+00,-1.272839366418862282e-18,2.200000000000000011e-01,3.279518710795070735e-03,5.641938003224818143e-02,1.853246066319744201e-04,-9.984017547904213696e-01,0.000000000000000000e+00,-3.799597068884920659e-01,-8.162483793202433002e-01,2.625672007482515724e-01,2.111436576027689582e-01,-7.671848137620664865e-01,5.699999999999999512e-01,-5.699999999999999512e-01,1.012807548412304331e-01,-5.301355246943012522e-01,4.961977762123144231e-01,5.104850135760310437e-01,-1.416557856344593525e-01
3.149436548671749492e+00,-2.970974985236086533e-18,2.200000000000000011e-01,8.818236310870197769e-03,9.411462842544253415e-02,8.336581852846219887e-04,-9.955219638153327555e-01,0.000000000000000000e+00,-4.041556983201980979e-01,-1.007759350620290872e+00,5.699999999999999512e-01,2.781082854919730285e-01,-4.232103681455903765e-01,2.930924817947146988e-01,-5.699999999999999512e-01,-8.334225223825241988e-03,-5.300096623046036681e-01,5.099870262706150958e-01,5.057052093125825598e-01,-3.572566102485659756e-01
3.182348665629066264e+00,-4.878704662879894598e-18,2.200000000000000011e-01,2.138300891942224516e-02,1.336832119013443287e-01,2.885123604577364154e-03,-9.907892015192124591e-01,0.000000000000000000e+00,-4.008653044801031018e-01,-1.070312444819658815e+00,5.699999999999999512e-01,3.926653552116331491e-01,3.472894450279571943e-02,-8.217376682630006535e-02,-5.699999999999999512e-01,-1.300014697839684819e-01,-4.570102734719261317e-01,5.188982686753733642e-01,4.384845495121827974e-01,-4.958811317881234859e-01
3.213766208570548510e+00,-6.592619270165746188e-18,2.200000000000000011e-01,3.667942375610955263e-02,1.672210563841922404e-01,6.225603687891587135e-03,-9.852172247953219220e-01,0.000000000000000000e+00,-3.804424747841451682e-01,-9.842477198224499624e-01,5.699999999999999512e-01,5.108131678074008253e-01,3.917138716143181432e-01,-2.792906374747293197e-01,-5.699999999999999512e-01,-2.633592459759883653e-01,-3.315987842884182135e-01,5.049030318598728417e-01,2.854129534465058016e-01,-5.416317187863552984e-01
3.243787367659388021e+00,-7.723005797034556826e-18,2.200000000000000011e-01,5.058294733806206755e-02,1.890762041943310212e-01,9.753142838917108759e-03,-9.806102338089390802e-01,0.000000000000000000e+00,-3.367785767979883382e-01,-8.291526759182596962e-01,5.699999999999999512e-01,5.699999999999999512e-01,6.763625780625670547e-01,-3.571457864340457089e-01,-4.999875727209290299e-01,-3.999099623167399198e-01,-1.666561926776527203e-01,4.680967454024216878e-01,7.333624856775820822e-02,-5.006977491629486243e-01
3.274414178762737659e+00,-8.867997846789874305e-18,2.200000000000000011e-01,6.536028027844642541e-02,2.048923339722072690e-01,1.371405258024488427e-02,-9.765035022994903446e-01,0.000000000000000000e+00,-3.398881076551467650e-01,-5.124561070311467459e-01,4.331813559161092342e-01,5.699999999999999512e-01,9.207547305699556039e-01,-3.677965567530688262e-01,-4.175372735741582630e-01,-5.132139936439171768e-01,1.720814046529160757e-02,4.141836688577137937e-01,-1.676181306637671564e-01,-3.875410909329605191e-01
3.306073223277609330e+00,-9.914363693749934738e-18,2.200000000000000011e-01,8.354945164176941219e-02,2.124596937901199745e-01,1.823558012863302213e-02,-9.734206856556626430e-01,0.000000000000000000e+00,-2.896863219060579198e-01,-1.001058060290811597e-01,3.780823857877384231e-02,5.699999999999999512e-01,1.112234472912583483e+00,-3.296870834537634631e-01,-3.510939046631696425e-01,-6.049423257478664384e-01,2.083321469923749558e-01,3.606240002065355110e-01,-3.768439501513343726e-01,-2.516576226902788593e-01
3.340626036953098676e+00,-1.030639565623274132e-17,2.200000000000000011e-01,9.927633075657349426e-02,2.065860300839837127e-01,2.107495090645070124e-02,-9.731506917070663620e-01,0.000000000000000000e+00,-2.340026405693185207e-01,1.478965718431508869e-01,-8.225313607442340247e-02,5.699999999999999512e-01,1.205782612375198237e+00,-2.740849323612269406e-01,-2.997639050805980254e-01,-6.506136226539455114e-01,3.669501729350148622e-01,3.184787903860175629e-01,-5.221854998396681102e-01,-1.354089637422837000e-01
3.377092435534075232e+00,-9.851888598428313088e-18,2.200000000000000011e-01,1.098426165397907162e-01,1.850856310148409345e-01,2.082291189496134065e-02,-9.763423145207552611e-01,0.000000000000000000e+00,-1.732310169767698471e-01,3.212677983477478239e-01,-9.650918255983760574e-02,5.699999999999999512e-01,1.202449667385357746e+00,-2.543398675235147843e-01,-2.758482044790729892e-01,-6.681144490673063263e-01,5.029648639901159735e-01,2.858218607250694876e-01,-6.106132415199601038e-01,-6.890499993133343548e-02
3.414182517388611782e+00,-8.993918988406500628e-18,2.200000000000000011e-01,1.193467382423354373e-01,1.514440400511690155e-01,1.842326137224474525e-02,-9.810614874941863128e-01,0.000000000000000000e+00,-1.035854111032587233e-01,3.874594516862823190e-01,-8.264466876018060001e-03,5.699999999999999512e-01,1.111023494679169943e+00,-2.306439443360293884e-01,-2.362790352641960523e-01,-6.711190048155261101e-01,5.699999999999999512e-01,2.530237548320334318e-01,-6.794090856365957443e-01,-2.657895064045855127e-02
3.451102065141900432e+00,-8.163205259096092362e-18,2.200000000000000011e-01,1.280472304334381306e-01,1.093254495658589898e-01,1.420303661836672809e-02,-9.856216954827883292e-01,0.000000000000000000e+00,-2.099272109875015974e-02,3.603914427859250535e-01,1.337697476059799828e-01,5.699999999999999512e-01,1.055769988254070091e+00,-2.673280513904012778e-01,-1.913073888470628592e-01,-6.382379098202818346e-01,5.699999999999999512e-01,2.245775380915075725e-01,-7.082522326828686321e-01,-4.881609311067688223e-02
3.488019776922113291e+00,-7.542024850509926822e-18,2.200000000000000011e-01,1.320314746475696188e-01,6.312083667865280023e-02,8.424944303996493092e-03,-9.891978922302906430e-01,0.000000000000000000e+00,5.027252581386885272e-02,3.108704193919979430e-01,2.436125997581999048e-01,5.699999999999999512e-01,1.022924930478364747e+00,-3.291327844315234397e-01,-2.079572957171162140e-01,-4.173030263088041703e-01,4.489732477055379256e-01,2.097898417412701610e-01,-7.140656186965346208e-01,-6.127269530531183339e-02
3.525013792029382920e+00,-7.077727515241483093e-18,2.200000000000000011e-01,1.322244116877140940e-01,1.505109624192012448e-02,2.007986407315152759e-03,-9.911034948209710427e-01,0.000000000000000000e+00,1.027435068347843650e-01,3.235260040487114575e-01,2.126700620468407188e-01,5.699999999999999512e-01,9.530836099951088825e-01,-3.990939330763273452e-01,-2.095315092931868406e-01,-1.946222487301404735e-01,1.254389130289553789e-01,2.187610728355487144e-01,-7.143127645145940230e-01,-3.194959723020607267e-02
3.560922604232740873e+00,-6.285130885465346857e-18,2.200000000000000011e-01,1.223090033136894489e-01,-2.743661044989917364e-02,-3.382442094306394118e-03,-9.921069998749686425e-01,0.000000000000000000e+00,1.154202518552389506e-01,3.687971230839635073e-01,1.222043052063249979e-01,5.699999999999999512e-01,8.717041878990705595e-01,-4.755397819301198648e-01,-2.186150534824201908e-01,7.207835775968531727e-03,-3.439961051089290150e-02,2.343268608652305518e-01,-7.313111750275257394e-01,8.231195529522392085e-02
3.596194711486188744e+00,-5.033461965713924416e-18,2.200000000000000011e-01,8.848468274326748428e-02,-6.389390801069513848e-02,-5.687702089027524277e-03,-9.940098990874741691e-01,0.000000000000000000e+00,8.583881041389912481e-02,4.585152595113662910e-01,-4.153893343685868128e-02,5.699999999999999512e-01,7.819853134262729766e-01,-5.497640143199911122e-01,-2.428415019018929089e-01,1.178316990691170019e-01,-1.304240829052884243e-02,2.024923768227617216e-01,-7.699235475340169277e-01,3.002197288183548474e-01
3.629322891854680488e+00,-3.393411859422086529e-18,2.200000000000000011e-01,4.971566264487108089e-02,-1.017707850401046582e-01,-5.092439216025048364e-03,-9.935517738210390970e-01,0.000000000000000000e+00,4.179178311022602871e-02,5.006336443180119389e-01,-1.987342708513043787e-01,5.699999999999999512e-01,6.386710881920891758e-01,-6.101017072400063412e-01,-2.629418444500931096e-01,1.283343463388914030e-01,1.192980784145131062e-01,1.808882551392861915e-01,-6.217822024888191024e-01,1.064989523982830116e-01
3.660415640697177508e+00,-1.650681420616087773e-18,2.200000000000000011e-01,1.318104689273974506e-02,-1.362505544802770086e-01,-1.812994180695443047e-03,-9.905850591739859823e-01,0.000000000000000000e+00,-6.707128208601871588e-03,4.836001692479231506e-01,-3.437245225935909865e-01,5.309056423965959892e-01,4.583747776335491131e-01,-6.381894736587444550e-01,-2.658903693125593826e-01,6.419999302339562952e-02,3.240646989268508027e-01,1.523604358353927712e-01,-5.470905191743465901e-01,-1.258020595361844561e-03
3.692488121403487700e+00,-6.794358833401433608e-19,2.200000000000000011e-01,1.328333471257364673e-02,1.481957750638981386e-01,-1.990696854775098057e-03,9.888668274333792807e-01,0.000000000000000000e+00,-3.969459964486169584e-02,4.878891986895477761e-01,-4.885210246627590958e-01,4.433156152408311845e-01,2.711479183797898540e-01,-6.203250609812233085e-01,-2.546939919107099604e-01,-5.957759469289733434e-02,5.699999999999999512e-01,1.394359293802775179e-01,-3.647718520443886669e-01,-6.277914168426060315e-02
3.723821428983389303e+00,-3.049730494918127786e-19,2.200000000000000011e-01,3.374634645897961471e-02,1.422088249753157008e-01,-4.851181574068080815e-03,9.892493620099768181e-01,0.000000000000000000e+00,-6.906601235018836049e-02,4.652147593375067225e-01,-6.036712838530288172e-01,3.527328707486308557e-01,6.633526812169963927e-02,-5.431708470740667094e-01,-2.434264091936343688e-01,-1.031782622104249064e-01,5.699999999999999512e-01,1.304467262748457423e-01,-1.817615364515677290e-01,-2.849521329261556213e-02
3.754481383758011326e+00,-3.918981314504228028e-19,2.200000000000000011e-01,4.615111303481800320e-02,1.208692954689524757e-01,-5.625625549337334719e-03,9.915790641777715297e-01,0.000000000000000000e+00,-8.864488727566371962e-02,4.196571612208130353e-01,-6.813696955958964407e-01,2.650846813891646336e-01,-1.346261800629005578e-01,-4.160016640530926346e-01,-2.489578613759335923e-01,-6.476592704021905123e-02,5.699999999999999512e-01,1.302484252036061052e-01,-5.109189610729151371e-02,1.182727349333280720e-01
3.785906069279937114e+00,-2.315808388766245536e-19,2.200000000000000011e-01,4.299623755494469401e-02,1.021015001736915451e-01,-4.417214509917805065e-03,9.938345412765516862e-01,0.000000000000000000e+00,-8.555519313901231715e-02,3.077153072373785547e-01,-6.943945093990251394e-01,2.095022923438540075e-01,-3.593473443054910343e-01,-2.285707576029223642e-01,-2.663689192582512355e-01,-6.050040373079430649e-03,5.699999999999999512e-01,1.539169046233736793e-01,-1.096622737319568990e-02,3.719535429086653910e-01
3.817948987596805566e+00,4.012252318845181792e-19,2.200000000000000011e-01,3.607476895391614757e-02,8.905171305594067332e-02,-3.227468747040274089e-03,9.953682669706780395e-01,0.000000000000000000e+00,-8.224430317764758192e-02,1.444836837334201041e-01,-6.448194848759072340e-01,1.599872386447965811e-01,-5.943618412222824166e-01,1.270420648533112512e-02,-3.218523777162954347e-01,8.403805878888606640e-02,5.699999999999999512e-01,1.836277499040614991e-01,-4.191859845385369210e-02,5.699999999999999512e-01
3.849623835408472861e+00,9.941667807949855355e-19,2.200000000000000011e-01,2.702750277689614303e-02,7.474895822559328440e-02,-2.026694213994172534e-03,9.968339881085498400e-01,0.000000000000000000e+00,-8.892179574436756551e-02,-4.506536299398931217e-02,-5.450319211071906755e-01,1.343190020475585889e-01,-8.095284240094896555e-01,2.851572218688673832e-01,-3.811030913627077576e-01,2.256803868846259664e-01,4.157257578118840335e-01,2.137963822215953047e-01,-2.543972533901004210e-02,5.699999999999999512e-01
3.879807222836678893e+00,9.606924038850151506e-19,2.200000000000000011e-01,1.706296933949597028e-02,5.009594623883720232e-02,-8.559854493229053507e-04,9.985982768544443555e-01,0.000000000000000000e+00,-1.133940103551008133e-01,-2.275480929259056373e-01,-4.080492194449813481e-01,1.493499084682170797e-01,-9.378001247258076489e-01,5.098231924980630714e-01,-4.455073071411066454e-01,3.239704406012822724e-01,8.388919708662846697e-02,2.583787853742284257e-01,3.794650131254875131e-02,5.699999999999999512e-01
3.909565842451490969e+00,5.369738002493011689e-19,2.200000000000000011e-01,1.566479113419172453e-02,2.157761935961971522e-02,-3.381291425676308249e-04,9.996443899358293805e-01,0.000000000000000000e+00,-1.774772469190980528e-01,-4.145425448225155129e-01,-2.371640032964152656e-01,1.735633487111290230e-01,-9.210469019553536585e-01,5.519981591331925008e-01,-5.194412061169272343e-01,3.274661389984874216e-01,-1.412310241424507840e-01,3.204216688938570368e-01,1.810871962859570139e-01,5.699999999999999512e-01
3.939710744880437598e+00,-2.144916193564194285e-19,2.200000000000000011e-01,1.331743870187973577e-02,-4.683000789890747959e-03,6.237179126214031227e-05,9.999003507549055758e-01,0.000000000000000000e+00,-2.500105670923475909e-01,-6.099705693652769378e-01,-1.825990344983404248e-02,2.174419295507579730e-01,-8.484634194681651698e-01,5.699999999999999512e-01,-5.699999999999999512e-01,2.610144744356882596e-01,-2.988531286534081843e-01,3.995546995725852146e-01,3.856021317474750409e-01,2.211015003195853645e-01
3.969444447305438661e+00,-1.356806957635634698e-18,2.200000000000000011e-01,9.761651338079215326e-03,-3.188677482588542916e-02,3.114408112787938319e-04,9.994437686828500089e-01,0.000000000000000000e+00,-3.242790497409813733e-01,-8.217769084064434626e-01,2.555355982536816617e-01,2.749004059960530877e-01,-6.582461110608582855e-01,4.164053126534918436e-01,-5.699999999999999512e-01,1.325472861913583600e-01,-3.729475854891944886e-01,4.352380778892561697e-01,5.238031145727677362e-01,-1.340141000668983173e-01
3.999334244218451406e+00,-2.864396068860994204e-18,2.200000000000000011e-01,6.688317432762158621e-03,-6.260103587741182307e-02,4.195278873124035079e-04,9.980161324915270971e-01,0.000000000000000000e+00,-3.903231038151162569e-01,-1.042555176363609171e+00,5.699999999999999512e-01,3.512351727508427612e-01,-2.875893672530159262e-01,8.419008691906774977e-02,-5.699999999999999512e-01,-1.860056303197050488e-03,-3.936637068411621421e-01,4.731853557653196152e-01,5.402339502203032939e-01,-3.870111348612188529e-01
4.029821505782503088e+00,-4.305536223387517315e-18,2.200000000000000011e-01,-1.408745956842372138e-03,9.200740666595313977e-02,-1.301673207373191254e-04,-9.957573176280973826e-01,0.000000000000000000e+00,-4.239532253774410120e-01,-1.160861814970454153e+00,5.699999999999999512e-01,4.451282608921906525e-01,9.029398218348150262e-02,-1.752018593943587554e-01,-5.699999999999999512e-01,-1.449473386619646309e-01,-3.321210431451848133e-01,5.013735496371286571e-01,4.591436658053204556e-01,-5.400285818206417288e-01
4.059615109217334705e+00,-5.860291702452023803e-18,2.200000000000000011e-01,8.964759691559909260e-03,1.198555933506101068e-01,1.082323142734410715e-03,-9.927502699082285664e-01,0.000000000000000000e+00,-4.156705459564976057e-01,-1.110956571007919225e+00,5.699999999999999512e-01,5.381140447413569339e-01,3.854013580771070147e-01,-2.878226865946033608e-01,-5.672930253126980960e-01,-3.076396595436700632e-01,-1.808111899949624291e-01,4.954508332665714665e-01,3.021925220625221731e-01,-6.165101595457501693e-01
4.089047071060157634e+00,-7.046810430348686949e-18,2.200000000000000011e-01,2.019033595395058889e-02,1.388436738985870944e-01,2.831317946203171232e-03,-9.901044228722024609e-01,0.000000000000000000e+00,-3.725044166301367810e-01,-9.693072551895149935e-01,5.699999999999999512e-01,5.699999999999999512e-01,6.119070286214008947e-01,-3.072300814075623054e-01,-4.959696452179543913e-01,-4.658025189929436150e-01,1.723890838460669095e-02,4.728334265413764448e-01,6.861396820613850644e-02,-6.037067419396566770e-01
4.119430645320148798e+00,-8.263756011352274452e-18,2.200000000000000011e-01,3.695091134932809024e-02,1.517254023022064080e-01,5.676120464253988328e-03,-9.877154519916973019e-01,0.000000000000000000e+00,-3.535063235004451965e-01,-7.087196088274253514e-01,5.699999999999999512e-01,5.699999999999999512e-01,8.104287007322261704e-01,-2.912627286544351435e-01,-4.232778008886006194e-01,-5.837073037616820059e-01,2.169138657291204142e-01,4.519682260224394676e-01,-1.398215190241857975e-01,-5.327685984476309144e-01
4.150519881916626908e+00,-9.512701060856581835e-18,2.200000000000000011e-01,5.302378059829354617e-02,1.581439403394954701e-01,8.504842793290987024e-03,-9.859546847974421935e-01,0.000000000000000000e+00,-3.002229132453737570e-01,-2.982722632065694102e-01,1.540359632975775439e-01,5.699999999999999512e-01,9.580393886417197802e-01,-2.506299217951581948e-01,-3.430749894705370506e-01,-6.547213139449774566e-01,4.005400070906968146e-01,3.992848809505557539e-01,-3.308422174688161466e-01,-3.972351171497905398e-01
4.183368666535224101e+00,-1.024331899706283666e-17,2.200000000000000011e-01,6.903518526774798936e-02,1.508474107130003683e-01,1.056070955304228010e-02,-9.860870515780884027e-01,0.000000000000000000e+00,-2.402628620860438602e-01,-5.037164935873499755e-02,-6.773559183770242256e-03,5.699999999999999512e-01,1.042722196027809689e+00,-2.384730652442614840e-01,-3.020273435322967659e-01,-6.740158971650518360e-01,5.382756846392839911e-01,3.122740705838492614e-01,-4.842039022845631702e-01,-2.319594805192190523e-01
4.217125656638205378e+00,-1.038440253810779141e-17,2.200000000000000011e-01,8.241376893634139167e-02,1.278458677248436870e-01,1.066092324571903810e-02,-9.883065058527835678e-01,0.000000000000000000e+00,-1.734597908406441125e-01,1.087134998141709441e-01,-4.062996046039280690e-02,5.699999999999999512e-01,9.866660226659834665e-01,-2.115047953246662893e-01,-2.520609160725577058e-01,-6.582597550385269614e-01,5.699999999999999512e-01,2.645473134666212478e-01,-5.944405873323553857e-01,-9.706741768722057517e-02
4.251084071449696467e+00,-1.056287063976895694e-17,2.200000000000000011e-01,9.238665098156213784e-02,1.018831353505514764e-01,9.503384516352403680e-03,-9.904515228592900566e-01,0.000000000000000000e+00,-1.081407698493118963e-01,2.193594465610697319e-01,-1.411149041891010363e-02,5.699999999999999512e-01,9.388705588834813653e-01,-2.369536398166900704e-01,-2.220745963084718444e-01,-5.060663810872265689e-01,5.098004326288839705e-01,2.419375985337728630e-01,-6.813584490449201558e-01,1.660876707348379888e-02
4.285739427718518790e+00,-1.054998035372398714e-17,2.200000000000000011e-01,9.482320651801878775e-02,6.489513324072346268e-02,6.194713994631707854e-03,-9.933573408929108339e-01,0.000000000000000000e+00,-4.434800019043505515e-02,2.377746426578011552e-01,7.798889347822672569e-02,5.699999999999999512e-01,9.033669476952770339e-01,-3.016839583163595795e-01,-2.505743681952155022e-01,-2.872179298350312493e-01,1.683426991340175594e-01,2.400360995658926966e-01,-7.329131067645286990e-01,2.842230496863108399e-02
4.321144587853170904e+00,-1.016099937723801092e-17,2.200000000000000011e-01,8.939304242635004449e-02,2.301034229835155487e-02,2.065788630460427613e-03,-9.957284472336862535e-01,0.000000000000000000e+00,3.876784961989989710e-03,1.961981621055776670e-01,2.100759717234942092e-01,5.699999999999999512e-01,8.399713571727827066e-01,-3.541470762037106090e-01,-2.379466231639492391e-01,-8.737045471808480013e-02,-1.021669843758500479e-01,2.315740786242050375e-01,-7.352432799209063230e-01,4.123137001005586916e-02
4.355907471562466604e+00,-9.549512696030373380e-18,2.200000000000000011e-01,5.876013218290521145e-02,-8.918300222710600494e-03,-5.249685630038559980e-04,-9.982321549594528332e-01,0.000000000000000000e+00,-1.038028062539976537e-02,2.205900452784536614e-01,2.023545032541758659e-01,5.699999999999999512e-01,7.675904649177570649e-01,-4.332389038742925358e-01,-2.683176023574629365e-01,9.944945050147610544e-02,-2.105615162490633019e-01,1.689272215707149083e-01,-7.141487719851814520e-01,1.356228524641032995e-01
4.388126363419916132e+00,-8.307459434658700936e-18,2.200000000000000011e-01,9.812175675820822285e-03,-4.288859763889576321e-02,-4.212383872241390326e-04,-9.990315870678448951e-01,0.000000000000000000e+00,-7.452936154929687418e-02,2.450910253914869164e-01,1.265851064516161362e-01,5.405615870393891687e-01,6.652549544785714142e-01,-5.134757891730763468e-01,-3.063815746963051145e-01,2.170484520713877596e-01,-1.945973619152233658e-01,1.066282983273263429e-01,-6.561034829064247287e-01,1.165548943327590625e-01
4.417444597267754069e+00,-6.648157954369480592e-18,2.200000000000000011e-01,4.626246950960122284e-02,7.510628703021074437e-02,-3.488221344237103783e-03,9.960957091942834740e-01,0.000000000000000000e+00,-1.599421930986769103e-01,2.978434154016446622e-01,-3.913111544279821580e-02,3.957928619053448505e-01,5.166875721655237452e-01,-5.763352859627358660e-01,-3.425906589113861256e-01,2.332976238848882278e-01,-7.570574274239680324e-02,9.595762213663880380e-02,-5.658166982593881844e-01,-6.542331788917281343e-02
4.445017333516308788e+00,-4.833386491917290790e-18,2.200000000000000011e-01,8.718561913086193826e-02,1.020003351054670077e-01,-8.974488710979134157e-03,9.909157673624521268e-01,0.000000000000000000e+00,-2.178488770719430312e-01,3.349758269385389453e-01,-2.080624174056235065e-01,2.809043071549497395e-01,3.015367635416860148e-01,-5.756950367996230833e-01,-3.425606208840752953e-01,1.750348428251739807e-01,1.250747069203773654e-01,6.719164031168760320e-02,-4.633739974740732626e-01,-1.632180137229028716e-01
4.473380355584744450e+00,-3.507781007095560368e-18,2.200000000000000011e-01,1.102346950216188254e-01,1.172185354888088393e-01,-1.309330341527934795e-02,9.868823092735146130e-01,0.000000000000000000e+00,-2.468542724296049484e-01,3.398081437543593042e-01,-3.490160370053080330e-01,1.951336970722076791e-01,4.228559922747122252e-02,-5.036098871175700431e-01,-3.271711210155812122e-01,6.932985785401081513e-02,4.266964733254041686e-01,7.226116179764867364e-02,-3.561668681195025998e-01,-2.139609802927366633e-01
4.499785910014235668e+00,-2.975337124583115179e-18,2.200000000000000011e-01,1.272775285866671324e-01,1.110109543823105671e-01,-1.433663592210658588e-02,9.855310546068224431e-01,0.000000000000000000e+00,-2.657469973406152430e-01,3.580885018221932059e-01,-4.806381595245480809e-01,1.219550128041468756e-01,-1.954650278596121171e-01,-3.719024864565371180e-01,-3.146291099812071335e-01,-3.680074708842111936e-02,5.699999999999999512e-01,4.691430770999746591e-02,-2.011096789760320191e-01,-2.005500245403564752e-01
4.526185026456868599e+00,-2.880294620878870185e-18,2.200000000000000011e-01,1.353120418041678374e-01,8.945752413921329027e-02,-1.226809075314781033e-02,9.866800376347653057e-01,0.000000000000000000e+00,-2.740803603077886508e-01,3.657239084360871528e-01,-5.895531136686520401e-01,5.626740124195818427e-02,-4.078341622000808964e-01,-1.981191616191193550e-01,-3.019871503171032145e-01,-5.433952694564445074e-02,5.699999999999999512e-01,5.405811521627044286e-02,-3.366323781412334376e-02,-1.081430570782870026e-01
4.553741985145340898e+00,-2.379185324631645311e-18,2.200000000000000011e-01,1.248789937901515490e-01,7.623871645939755970e-02,-9.624639991500004432e-03,9.891917212187013586e-01,0.000000000000000000e+00,-2.601503141123582274e-01,2.867709813101601002e-01,-6.332093024357146049e-01,2.522004143892288275e-02,-6.481112686057912686e-01,4.042647100948292688e-02,-2.855246240625340381e-01,-2.224219679629467483e-02,5.699999999999999512e-01,9.230662626095882672e-02,5.480332054351295251e-02,4.819593536000101736e-02
4.581978631600804874e+00,-1.364178827373508287e-18,2.200000000000000011e-01,1.038013036894989416e-01,6.792807694188131296e-02,-7.106093352952971495e-03,9.922502553048788698e-01,0.000000000000000000e+00,-2.483963439559799535e-01,1.348019345837318528e-01,-6.103173179348105881e-01,1.839260500583867614e-02,-9.146445588433934626e-01,3.579062472327662059e-01,-3.002480153405068797e-01,9.087465452590412496e-02,5.699999999999999512e-01,1.381470320510334859e-01,6.175007588093257838e-02,2.862152619892554539e-01
4.609228346651282671e+00,-1.802832893337991310e-19,2.200000000000000011e-01,7.489805567133006603e-02,5.629378232185577868e-02,-4.234962715424023944e-03,9.955919628137588351e-01,0.000000000000000000e+00,-2.357381829460321321e-01,-5.535950041834230423e-02,-5.306914391849256729e-01,5.598782354792586347e-02,-1.164931855263141580e+00,5.699999999999999512e-01,-3.347353425478389322e-01,2.648594213419575571e-01,4.368815930361239497e-01,1.915160979140049791e-01,-2.515207388712283379e-04,5.699999999999999512e-01
4.635029639884232111e+00,1.892819849873855459e-19,2.200000000000000011e-01,4.528946913680981234e-02,3.207564333334034234e-02,-1.454932712935964531e-03,9.984577608796774140e-01,0.000000000000000000e+00,-2.354624058318620927e-01,-2.415868096497016670e-01,-4.094892718203588799e-01,1.095266306286861863e-01,-1.237582978953966073e+00,5.699999999999999512e-01,-3.759300978789860692e-01,3.824374778401766206e-01,9.094819537631075590e-02,2.450999998508718858e-01,2.610440600893544887e-03,5.699999999999999512e-01
4.659605323889778994e+00,1.255210729781079983e-19,2.200000000000000011e-01,2.157615155231323856e-02,2.672026981060290386e-03,-5.766568922386302448e-05,9.997636353812198173e-01,0.000000000000000000e+00,-2.538895418944838722e-01,-4.249561028088185699e-01,-2.478721680186437293e-01,1.654772277204263620e-01,-1.194046338459605838e+00,5.699999999999999512e-01,-4.265190195226201131e-01,3.909975512476079329e-01,-1.194264914914987125e-01,2.972393153475332284e-01,9.664273765000649941e-02,5.699999999999999512e-01
4.683825768204370910e+00,-4.375677376214030952e-19,2.200000000000000011e-01,8.834002928647444186e-03,-2.958130271234176573e-02,2.614459445946706179e-04,9.995233056653134440e-01,0.000000000000000000e+00,-2.946748305253377165e-01,-5.926331517561241879e-01,-4.985588380242064049e-02,1.898825116686604364e-01,-1.077397944453246659e+00,5.699999999999999512e-01,-4.829003142902194567e-01,3.120082229678883268e-01,-2.372612464872798088e-01,3.498963669798894061e-01,2.616657911352359700e-01,4.882187103856150401e-01
4.709221366470854875e+00,-1.667188584282970803e-18,2.200000000000000011e-01,3.927551340474288999e-03,6.474270968871415066e-02,2.548169024358878931e-04,-9.978942283383429590e-01,0.000000000000000000e+00,-3.248404357300213596e-01,-7.710476291864106768e-01,2.031660988870965245e-01,2.538790920202788626e-01,-7.650481546193889093e-01,4.707244735189867746e-01,-5.344470860480623475e-01,1.703231610259922924e-01,-2.909012682229822344e-01,4.080619295452314055e-01,4.711120162213621732e-01,1.418645619463290430e-01
4.735993138294841920e+00,-3.334854586234194399e-18,2.200000000000000011e-01,1.817003133798961167e-02,9.992994947032721176e-02,1.825172145498918375e-03,-9.948268813751836026e-01,0.000000000000000000e+00,-3.355514929944082292e-01,-9.696072999932918712e-01,5.242540182301318463e-01,3.345983812286444925e-01,-3.569580839016701090e-01,5.971913550905065537e-02,-5.509245446330989227e-01,5.198666994500665550e-02,-3.236515520903065490e-01,4.615190861451767268e-01,5.848452142701150436e-01,-1.756341226933238464e-01
4.763101585659054393e+00,-4.962376118468748026e-18,2.200000000000000011e-01,2.475495274403471946e-02,1.317667329246875463e-01,3.291615246313939203e-03,-9.909661375032272623e-01,0.000000000000000000e+00,-3.588989513271212961e-01,-1.097699122351252443e+00,5.699999999999999512e-01,4.214351082831615525e-01,-9.889918938580998659e-03,-2.012532946475526774e-01,-5.586500751652732077e-01,-9.406919598834748153e-02,-2.990027144930224590e-01,4.816824007811850716e-01,5.369507784994820287e-01,-3.720221658366041906e-01
4.789665678727061504e+00,-6.481299800369973723e-18,2.200000000000000011e-01,3.203902948390363603e-02,1.584992763797629656e-01,5.145957277810989106e-03,-9.868257187064572999e-01,0.000000000000000000e+00,-3.785697799475944425e-01,-1.060956483002404305e+00,5.699999999999999512e-01,5.107971647894149481e-01,2.631188717530421051e-01,-3.355971796778075000e-01,-5.503861133020938601e-01,-2.327971090218281802e-01,-2.586454456625659759e-01,4.464183081049135082e-01,3.755390054512253162e-01,-4.458525872329315298e-01
4.815062924984644610e+00,-7.720857134366058291e-18,2.200000000000000011e-01,4.268858095945038400e-02,1.786241549779239712e-01,7.757395520789689414e-03,-9.829602835968629382e-01,0.000000000000000000e+00,-3.560386156739855368e-01,-9.169127587700343085e-01,5.699999999999999512e-01,5.699999999999999512e-01,4.867344857066011055e-01,-3.921198988547420772e-01,-5.218949611913352715e-01,-3.630933252320163174e-01,-1.886259883567575901e-01,3.776950577266209308e-01,1.475026677527620789e-01,-3.772507658995262192e-01
4.840961587546672718e+00,-9.036385483539676957e-18,2.200000000000000011e-01,5.168022715719989418e-02,1.932796115158219308e-01,1.019540908007789300e-02,-9.797286356573248201e-01,0.000000000000000000e+00,-3.717558452746832498e-01,-6.939309152516413004e-01,5.699999999999999512e-01,5.699999999999999512e-01,7.049697012783632255e-01,-4.383626358113866806e-01,-4.921003958058024486e-01,-4.727647895251506083e-01,-1.131538607235698102e-01,3.123251251734755485e-01,-6.662518241833309540e-02,-2.179948883330658504e-01
4.867071623415880843e+00,-1.042540990839018680e-17,2.200000000000000011e-01,6.120748220913169169e-02,2.023055282956654488e-01,1.266989253206744770e-02,-9.773257344232046950e-01,0.000000000000000000e+00,-3.407716730188954934e-01,-3.653681293742959690e-01,2.196586556076608743e-01,5.699999999999999512e-01,8.921458368828442120e-01,-4.475424802144709613e-01,-4.887623782091320979e-01,-5.589187499149618210e-01,-5.300175245997045675e-02,2.751702668671370255e-01,-2.654044476381273165e-01,5.099300615792157904e-03
4.893763476339375806e+00,-1.084328427541439619e-17,2.200000000000000011e-01,6.733008544308377585e-02,1.951396158206749054e-01,1.342924859696723039e-02,-9.783694829734355114e-01,0.000000000000000000e+00,-3.116986597771041478e-01,-1.299463555410210192e-01,3.794382348815236727e-02,5.699999999999999512e-01,9.615355173399303679e-01,-3.656235193770892011e-01,-4.876522503024185995e-01,-6.250263431936959879e-01,-1.967148476805198262e-02,2.642399629416323226e-01,-4.411064384364578594e-01,2.415351462346082556e-01
4.922621190753523557e+00,-1.067274984248918044e-17,2.200000000000000011e-01,7.049284763276175703e-02,1.760250336344691413e-01,1.263882230793746120e-02,-9.817770653958446392e-01,0.000000000000000000e+00,-2.752466873830379801e-01,1.217292192220529104e-02,-9.610497640712709413e-03,5.699999999999999512e-01,9.500787624732153214e-01,-2.482203286062658887e-01,-4.917501896159440222e-01,-6.392829246726591252e-01,-4.178237058933387260e-02,2.576461147575678234e-01,-5.722582312006091465e-01,5.082139970574450771e-01
4.952293456587201881e+00,-1.019006549569851259e-17,2.200000000000000011e-01,7.070900742076963175e-02,1.471018668841490573e-01,1.054340025376535039e-02,-9.865343956192589303e-01,0.000000000000000000e+00,-2.332101057594369031e-01,1.015363480953729441e-01,5.997062411918640742e-03,5.699999999999999512e-01,8.998821558584786384e-01,-1.731597131140542589e-01,-5.066359841110691375e-01,-6.295718818101421199e-01,-7.694953624344505472e-02,1.817193675033262068e-01,-6.273586894372529255e-01,5.699999999999999512e-01
4.981729238294471784e+00,-9.456684153668485039e-18,2.200000000000000011e-01,6.207633887346503121e-02,1.100614855881040105e-01,6.887587092655939047e-03,-9.919604622595840082e-01,0.000000000000000000e+00,-2.000538400124818872e-01,1.276563233247182683e-01,7.849228788135176327e-02,5.699999999999999512e-01,8.059024490409915087e-01,-1.357945571536908480e-01,-5.289961994025158543e-01,-6.311664223829479559e-01,-7.280157402491525820e-02,1.588841766616241602e-01,-5.990105668278719042e-01,5.699999999999999512e-01
5.010393157535999009e+00,-8.984633024500625350e-18,2.200000000000000011e-01,4.753037059536491249e-02,6.991148013841687325e-02,3.334875300713725788e-03,-9.964146362948769209e-01,0.000000000000000000e+00,-1.760350294224992673e-01,1.082044890722180103e-01,1.794817817750246070e-01,5.699999999999999512e-01,7.617436198962028726e-01,-1.854945507503844848e-01,-5.346308538450766923e-01,-6.416402911271873455e-01,-2.542952383174715975e-02,1.522385581298963675e-01,-4.198753626810078354e-01,4.818498022176063156e-01
5.039154866198758853e+00,-8.707675430990490297e-18,2.200000000000000011e-01,2.867435081770148067e-02,3.125484539457770022e-02,8.970200331487652003e-04,-9.990996504851779036e-01,0.000000000000000000e+00,-1.669977329231172591e-01,8.878605987917473352e-02,2.626365532609249986e-01,5.699999999999999512e-01,7.622541834585455645e-01,-2.758030912108340171e-01,-5.260965137232075373e-01,-6.398376809585551994e-01,4.470000484392346735e-02,1.650603337722852115e-01,-2.434939450446883813e-01,1.856125636153710123e-01
5.068026441946776650e+00,-8.313443850088903476e-18,2.200000000000000011e-01,2.890486142339377187e-02,-8.450480738036019249e-03,-2.443708172760271206e-04,-9.995464164531301376e-01,0.000000000000000000e+00,-1.325050753485908506e-01,1.107832666562456603e-01,2.330171254862684060e-01,5.699999999999999512e-01,7.440590533894313463e-01,-3.865292072631615339e-01,-4.764672141812913431e-01,-6.250382691552449632e-01,1.239584985159932762e-01,2.029791510825307843e-01,-9.222143963629952923e-02,-1.437779715514668662e-02
5.095619796335637552e+00,-7.864406078149879609e-18,2.200000000000000011e-01,4.154450870450943079e-02,-4.074798993088624144e-02,-1.695731264819259204e-03,-9.983039515140521569e-01,0.000000000000000000e+00,-8.596922815982212251e-02,1.715037098199383159e-01,1.189804619169562150e-01,5.699999999999999512e-01,7.120244338296563003e-01,-5.043889189933321582e-01,-4.597441113612109054e-01,-4.838192568766878643e-01,-1.741937762994657385e-02,2.623572475934553561e-01,3.030804283434048244e-02,-1.185303037065056353e-01
5.122277418166722995e+00,-7.156202221805152678e-18,2.200000000000000011e-01,6.736094666310898926e-02,-6.954155417650556559e-02,-4.706547702979756165e-03,-9.952910747696301907e-01,0.000000000000000000e+00,-3.244700957314321926e-02,2.765975343834293221e-01,-9.494233832716811317e-02,5.699999999999999512e-01,6.414162890547877582e-01,-5.874085085054059352e-01,-4.494621989478567170e-01,-3.442614655283451897e-01,-1.989884947229901002e-01,3.370733601164510596e-01,1.275568154039770363e-01,-1.384749739605194707e-01
